"Data Source","World Development Indicators",

"Last Updated Date","2026-07-13",

"Country Name","Country Code","Indicator Name","Indicator Code","1960","1961","1962","1963","1964","1965","1966","1967","1968","1969","1970","1971","1972","1973","1974","1975","1976","1977","1978","1979","1980","1981","1982","1983","1984","1985","1986","1987","1988","1989","1990","1991","1992","1993","1994","1995","1996","1997","1998","1999","2000","2001","2002","2003","2004","2005","2006","2007","2008","2009","2010","2011","2012","2013","2014","2015","2016","2017","2018","2019","2020","2021","2022","2023","2024","2025",
"Aruba","ABW","Population, female","SP.POP.TOTL.FE.IN","27927","28252","28628","28975","29285","29576","29839","29991","30029","30022","29974","29897","29537","29685","29732","29723","29787","29931","30065","30311","30711","31076","31446","31916","32236","31600","30639","30195","30228","30765","31959","33639","35307","37753","39813","41027","42782","44564","45760","46467","47005","47494","47867","48445","49521","50865","51837","52275","52723","53128","53240","53643","54517","55414","56080","56721","57213","57275","57429","57655","57382","56900","56652","56653","56980","57403",
"Africa Eastern and Southern","AFE","Population, female","SP.POP.TOTL.FE.IN","65664349","67414289","69255211","71167509","73174418","75269359","77426491","79669186","82009247","84415389","86900277","89453849","92033265","94753461","97604411","100495165","103474561","106458647","109712584","113219050","116615981","120235628","124174924","128115629","132070241","136089400","140160138","144367848","148574352","152809820","157233149","161612202","166123886","170615813","175343064","180559619","185883069","191018625","195998579","201191851","206453630","211818939","217351101","223035087","228916303","234995227","241255950","247737422","254486224","261472549","268642316","275861051","283305941","291107600","298979833","306996430","315139785","323559276","332453754","341569862","350869705","360249371","369655503","379019549","388455181","398291260",
"Afghanistan","AFG","Population, female","SP.POP.TOTL.FE.IN","4344798","4438399","4537295","4640784","4748904","4862718","4980738","5103185","5230999","5363265","5501424","5641896","5786440","5939752","6096225","6249456","6393256","6534395","6671798","6701208","6471736","5875154","5420815","5397808","5550465","5690379","5702941","5696211","5769903","5947460","6034493","6132329","6654765","7486449","8136890","8540171","8882693","9220017","9566944","9922960","10035682","10104514","10640919","11306364","11709120","12119909","12618615","12853489","13131734","13612943","14011779","14532542","15127147","15647752","16221843","16732244","17159297","17649936","18178417","18736474","19343529","19813956","20103167","20530683","21114952","21701532",
"Africa Western and Central","AFW","Population, female","SP.POP.TOTL.FE.IN","49175412","50250612","51358189","52501458","53675195","54885540","56132823","57414560","58746001","60152125","61619440","63111565","64661285","66299378","68034146","69871623","71763467","73732098","75815750","77987031","80214679","82511020","84916809","87241384","89530407","91969395","94490649","97077219","99738606","102492671","105210018","107986309","110958143","113966722","117009380","120198802","123477237","126850592","130355653","133900764","137574054","141425629","145388094","149453754","153657296","158013495","162488389","167089657","171811056","176609876","181536231","186628096","191768256","196946222","202291163","207743576","213277582","218856538","224384449","229861060","235367733","240936753","246567047","252489126","258584560","264577168",
"Angola","AGO","Population, female","SP.POP.TOTL.FE.IN","2582555","2610936","2633066","2655756","2679307","2703771","2729028","2754621","2780177","2805479","2850836","2926816","3024968","3138500","3257214","3378619","3501530","3630206","3766633","3908764","4058927","4216591","4381381","4554461","4733983","4918592","5106657","5294982","5486730","5684947","5888322","6095028","6302736","6515298","6738928","6970820","7208789","7455871","7709131","7969513","8239809","8522005","8817845","9128774","9458511","9805023","10167885","10550081","10950695","11369373","11810187","12273289","12754843","13251381","13751500","14252582","14767682","15295911","15829364","16370876","16911493","17455057","18008613","18568216","19138383","19717792",
"Albania","ALB","Population, female","SP.POP.TOTL.FE.IN","798472","823469","848431","873289","898281","922894","947139","972115","1000108","1029368","1055496","1080819","1107585","1133580","1159499","1186137","1212334","1239223","1265110","1290809","1318030","1345238","1374683","1405044","1435975","1467026","1496984","1528470","1558860","1603351","1635564","1629264","1623163","1617311","1611664","1606197","1600894","1595783","1590813","1585827","1580903","1568260","1561561","1552793","1543523","1533025","1520970","1507288","1493648","1481568","1472265","1467424","1445078","1423017","1401219","1379702","1358469","1337556","1316971","1296660","1277067","1258129","1239289","1219316","1202069","1188396",
"Andorra","AND","Population, female","SP.POP.TOTL.FE.IN","4692","5035","5394","5766","6144","6532","6973","7504","8089","8697","9328","9979","10650","11345","12060","12797","13546","14300","15044","15756","16419","17041","17830","18775","19674","20503","21517","22471","23295","23966","24823","26515","28166","29576","30253","30143","30334","30743","31117","31371","31458","31636","32023","33429","35636","37047","38002","39026","39821","40123","39099","38101","37671","36953","36337","35669","35679","36364","36959","37559","37994","38353","38912","39502","40054","40544",
"Arab World","ARB","Population, female","SP.POP.TOTL.FE.IN","45553872","46733696","47947430","49212199","50509339","51836197","53257012","54791119","56383428","58027014","59703653","61406817","63159830","65018366","66945528","68991894","71167162","73366876","75745226","78367271","81045995","83618779","86190446","88870024","91661215","94506428","97395664","100310499","103092777","105854387","109350560","111845877","114679291","117858047","121103690","124173094","127211051","130268555","133421568","136621522","139854821","143108564","146405952","149718432","153104282","156640217","160267960","164079270","168067419","172114978","175630673","179539353","183586476","188093998","192366746","196876834","201355207","205627977","209752508","214102918","218890065","222606670","227614565","232702770","237680202","242793354",
"United Arab Emirates","ARE","Population, female","SP.POP.TOTL.FE.IN","49431","51160","53032","55050","57170","59254","61068","62312","66526","75574","86485","98109","110391","123264","136633","150322","169796","196040","224252","253893","284007","314068","344562","375784","407485","439252","471440","504212","537092","570030","602945","635726","668239","700314","731731","762917","811273","877490","945282","1014270","1084090","1154939","1227201","1300479","1374026","1447131","1560203","1772259","2017460","2188378","2287634","2413024","2550675","2675228","2812237","2978083","3141120","3253201","3306245","3351539","3348343","3425770","3616601","3772859","3965934","4170935",
"Argentina","ARG","Population, female","SP.POP.TOTL.FE.IN","10175528","10357370","10539647","10723652","10907254","11088672","11268775","11450939","11637225","11827790","12023844","12226197","12434789","12650533","12872761","13091933","13307092","13527193","13751359","13977319","14205756","14439210","14676897","14916804","15157857","15399848","15642967","15887734","16136524","16385772","16630962","16869703","17103144","17334855","17565566","17793348","18015824","18233978","18448100","18660016","18870186","19076995","19281383","19480492","19676039","19874795","20074295","20266488","20464391","20673509","20883716","21099010","21307318","21507070","21718370","21939310","22147408","22335741","22512096","22665751","22772481","22834166","22880775","22941417","23015446","23088159",
"Armenia","ARM","Population, female","SP.POP.TOTL.FE.IN","958824","990539","1022504","1054591","1086630","1118427","1149797","1180616","1210708","1239253","1265253","1290907","1318243","1346741","1376228","1406530","1450688","1510495","1573237","1611340","1624735","1638723","1652566","1666610","1683555","1702913","1721727","1740089","1754812","1799212","1853430","1884305","1863267","1803952","1759430","1730597","1715653","1698721","1684577","1674586","1715426","1718087","1713341","1704865","1696262","1687234","1677850","1668302","1660037","1653106","1646388","1639176","1636100","1633875","1628353","1622381","1614828","1607072","1599966","1594385","1592424","1591948","1594364","1589229","1625023","1654215",
"American Samoa","ASM","Population, female","SP.POP.TOTL.FE.IN","9627","9891","10209","10544","10899","11260","11620","11980","12348","12722","13039","13281","13503","13714","13924","14174","14449","14713","14968","15226","15612","16178","16811","17462","18130","18813","19508","20218","20950","21692","22396","23030","23629","24207","24767","25313","25845","26363","26866","27349","27687","27826","27866","27849","27800","27727","27631","27523","27409","27297","27171","27009","26805","26566","26303","26017","25713","25406","25098","24788","24591","24337","23912","23520","23163","22823",
"Antigua and Barbuda","ATG","Population, female","SP.POP.TOTL.FE.IN","29047","29502","29894","30290","30766","31319","31868","32427","33010","33609","34011","34119","34077","33958","33830","33737","33714","33774","33875","34005","34131","34217","34291","34376","34268","33952","33628","33297","32967","32642","32345","32421","33011","33781","34591","35451","36355","37258","38099","38869","39606","40260","40774","41200","41614","42058","42553","43101","43704","44334","44909","45416","45881","46287","46641","46966","47248","47499","47726","47940","48179","48430","48670","48908","49139","49360",
"Australia","AUS","Population, female","SP.POP.TOTL.FE.IN","5083846","5187217","5320851","5428796","5538919","5650569","5783560","5859593","5965649","6093060","6216526","6433600","6555758","6659196","6833288","6923356","7000049","7086508","7176249","7260346","7354585","7472967","7602819","7706244","7798953","7902274","8016867","8142502","8280609","8424576","8553216","8667465","8769924","8852484","8941368","9044655","9159837","9265306","9363566","9471180","9583950","9709404","9819455","9931483","10036451","10156915","10291010","10473808","10677043","10893099","11063352","11220344","11420151","11623473","11807380","11989061","12185876","12390298","12575335","12762303","12922405","12940520","13108686","13432672","13700923","13911645",
"Austria","AUT","Population, female","SP.POP.TOTL.FE.IN","3764891","3783504","3804071","3825240","3847021","3867102","3888149","3911057","3927517","3938518","3949122","3963018","3981424","3998551","4004843","3998098","3992645","3993267","3989655","3983149","3981998","3988186","3987477","3978767","3975523","3973607","3971398","3968978","3969261","3980555","4002436","4033690","4070958","4098685","4110155","4114223","4118529","4121944","4124768","4130289","4136954","4148251","4163642","4180456","4203427","4228409","4246626","4259438","4272022","4281935","4291038","4303321","4319277","4340495","4368617","4406308","4444184","4472069","4492681","4511901","4530017","4549341","4592386","4637070","4659221","4673092",
"Azerbaijan","AZE","Population, female","SP.POP.TOTL.FE.IN","2051760","2127494","2187912","2249836","2322401","2389705","2456177","2517806","2575781","2632965","2687056","2742285","2796278","2847107","2896691","2943464","2992079","3046544","3105173","3156473","3198877","3245130","3292376","3340683","3396791","3455353","3513594","3575263","3628241","3677236","3725370","3772125","3827472","3884462","3945945","4010503","4068821","4125526","4182975","4226501","4255061","4280760","4305379","4330999","4361277","4397250","4436760","4478388","4564644","4652844","4701897","4756745","4813149","4868452","4922666","4975274","5020488","5055686","5087628","5123706","5156200","5176589","5175175","5178464","5201566","5222374",
"Burundi","BDI","Population, female","SP.POP.TOTL.FE.IN","1427970","1463122","1499161","1529752","1572291","1615096","1653334","1694333","1733795","1770564","1808211","1851317","1852910","1852379","1898109","1944124","1986677","2036657","2094494","2145600","2235191","2325904","2383244","2446484","2505186","2558760","2606297","2665468","2725043","2779079","2836917","2895539","2972997","2883393","2902820","3079085","3081768","3082085","3141025","3216336","3283391","3366411","3461939","3571594","3705212","3843265","3982046","4129757","4301154","4521623","4735411","4905577","5081452","5264965","5444623","5568228","5663968","5797317","5973387","6171156","6352087","6526617","6704830","6889475","7069192","7240984",
"Belgium","BEL","Population, female","SP.POP.TOTL.FE.IN","4670041","4688463","4708343","4743439","4788410","4832026","4864806","4892034","4911621","4926130","4931415","4940964","4961408","4978148","4994687","5009831","5019515","5026504","5031841","5036724","5042742","5043272","5042317","5041972","5042070","5043942","5045520","5049220","5064917","5082566","5097009","5114751","5133653","5152513","5168083","5180063","5191356","5204048","5214851","5226579","5239284","5256453","5278172","5299049","5321822","5350962","5385326","5423102","5463702","5503286","5547894","5617084","5650217","5675983","5700102","5727501","5752119","5773392","5797464","5825838","5847609","5873102","5923682","5973333","6011059","6050530",
"Benin","BEN","Population, female","SP.POP.TOTL.FE.IN","1324982","1345546","1367881","1391581","1416729","1443331","1471068","1499848","1529935","1561427","1594377","1628706","1664530","1701944","1740952","1781810","1824743","1869897","1917165","1967004","2020095","2076382","2135342","2196414","2259804","2325825","2394505","2465960","2540228","2617174","2696784","2779049","2863888","2990437","3101195","3165002","3245912","3339811","3441077","3546091","3653787","3763956","3876903","3993540","4114144","4246993","4379553","4506753","4640959","4778532","4919608","5064646","5213397","5365440","5522460","5684296","5849451","6017172","6185787","6354457","6523643","6692742","6863042","7036429","7210159","7383962",
"Burkina Faso","BFA","Population, female","SP.POP.TOTL.FE.IN","2347781","2388535","2430345","2473411","2518147","2564900","2613276","2663294","2715156","2768216","2822638","2877767","2933820","2992322","3054492","3120962","3192020","3269469","3353313","3442283","3536319","3634279","3735808","3842110","3952965","4067195","4182759","4298739","4415853","4534582","4655542","4776437","4897987","5022958","5152206","5286499","5424397","5566597","5719759","5883966","6055489","6235370","6422474","6617010","6819499","7029076","7245333","7464998","7686863","7914483","8149230","8392832","8647137","8907654","9173374","9445123","9720816","9997287","10267366","10528619","10785623","11041607","11297679","11557013","11818695","12080402",
"Bangladesh","BGD","Population, female","SP.POP.TOTL.FE.IN","24878240","25598804","26362885","27151732","27964907","28801088","29657617","30551511","31472067","32385386","33225897","33947031","34750171","35753988","36776225","37762351","38756724","39758252","40766279","41786802","42826188","43957975","45189089","46424537","47644190","48847560","50025293","51175860","52294637","53396565","54491175","55554457","56627781","57723368","58836294","59975549","61123899","62313586","63548936","64815861","66067192","67278611","68468235","69625317","70743192","71813210","72831947","73805299","74736651","75629878","76487607","77354265","78243628","79124505","79993271","80855124","81720325","82462276","83091995","83750865","84419144","85086513","85985502","87109279","88218708","89320170",
"Bulgaria","BGR","Population, female","SP.POP.TOTL.FE.IN","3939014","3976205","4010589","4042651","4075166","4102985","4127970","4154173","4184183","4217013","4245223","4269363","4290340","4313835","4343883","4365969","4386221","4410797","4418034","4426280","4446408","4463710","4479472","4493898","4508111","4515961","4523067","4534076","4543249","4495116","4420477","4382417","4341549","4312680","4302902","4288873","4271365","4249354","4225312","4205612","4188059","4108648","4022127","3991027","3961981","3933247","3904283","3876005","3848795","3823787","3798253","3773377","3750798","3676045","3633163","3588795","3544097","3499589","3454233","3408148","3376758","3356188","3335288","3326573","3324395","3320474",
"Bahrain","BHR","Population, female","SP.POP.TOTL.FE.IN","77347","80654","84056","87561","91171","94733","98203","101688","102987","101841","100311","100722","104052","108352","112910","117721","122742","127929","133245","138648","144097","149471","154850","160489","166490","172873","179619","186677","193967","201407","208888","204476","210143","215870","221775","227861","234133","240585","247202","253982","260942","269157","285565","303394","323411","345796","370752","398513","420646","446789","464903","450440","450966","469893","501714","523035","533830","554706","558295","556667","554866","571651","579797","598073","603043","607514",
"Bahamas, The","BHS","Population, female","SP.POP.TOTL.FE.IN","59526","62141","64937","67867","70837","73915","77222","80743","84460","88223","91542","94341","96894","99275","101573","103853","106146","108440","110708","112923","115127","117276","119371","121520","123722","126012","128360","130707","133119","135653","138191","140733","143492","146360","149115","151773","154370","156881","159308","161626","163954","166159","168237","170475","172824","175138","177690","180554","183318","186036","188778","191289","193481","195523","197496","199318","200976","202502","203929","205180","205987","206455","207295","208531","209686","210739",
"Bosnia and Herzegovina","BIH","Population, female","SP.POP.TOTL.FE.IN","1729855","1767628","1796926","1822670","1847187","1870907","1894092","1916575","1937934","1957994","1976985","1994612","2010836","2026544","2042432","2058650","2074832","2090527","2105713","2120706","2136154","2152203","2169542","2187997","2206149","2223227","2238641","2252234","2263849","2273207","2280043","2284277","2179584","2028828","1948712","1947058","2027684","2099408","2135066","2155462","2169976","2179564","2183717","2178854","2160022","2137876","2121527","2096898","2064139","2030314","1996037","1960912","1924626","1894411","1870555","1846373","1822354","1798537","1776605","1755046","1730652","1701558","1680628","1670406","1658459","1644733",
"Belarus","BLR","Population, female","SP.POP.TOTL.FE.IN","4529311","4555861","4587148","4621177","4657004","4693046","4729741","4767982","4806485","4843872","4879711","4915123","4949402","4980849","5008249","5030464","5050315","5075034","5105812","5133580","5160641","5192628","5224294","5256848","5289433","5321529","5354821","5387621","5396631","5405163","5411107","5410497","5417420","5424491","5429670","5423510","5402294","5376448","5349815","5327231","5305824","5281537","5251762","5219844","5188807","5158397","5131704","5111547","5096090","5084640","5074444","5064259","5057231","5054425","5055280","5059103","5060389","5052859","5040188","5028345","5007632","4967859","4928161","4900868","4876818","4852925",
"Belize","BLZ","Population, female","SP.POP.TOTL.FE.IN","46116","47210","48345","49614","51006","52482","54042","55671","57335","58935","60213","61180","62044","62850","63640","64669","65961","67285","68623","70027","71648","73456","75299","77145","78996","80851","82714","84591","86501","88448","90413","92348","94280","96235","98323","100834","103894","107434","111275","115196","119052","122888","126814","130825","134912","139072","143291","147546","151818","156086","159881","163227","166617","170066","173569","177130","181032","184992","188461","191404","194048","196444","199820","203619","206630","209590",
"Bermuda","BMU","Population, female","SP.POP.TOTL.FE.IN","20623","21054","21552","22049","22536","23011","23491","23913","24287","24663","25026","25276","25398","25492","25569","25625","25749","25945","26140","26316","26469","26654","26875","27099","27321","27537","27736","27953","28199","28440","28675","28912","29151","29379","29593","29787","29958","30157","30389","30630","30856","31039","31195","31336","31447","31552","31642","31741","31867","31962","32037","32081","32076","32054","32017","31966","31964","32083","32288","32503","32711","32916","33016","33018","33017","33005",
"Bolivia","BOL","Population, female","SP.POP.TOTL.FE.IN","1878990","1917591","1957294","1998255","2040526","2084133","2129198","2175847","2224095","2273705","2324492","2376499","2429506","2483693","2539322","2596257","2655051","2715599","2777175","2839494","2902388","2965813","3029567","3093810","3159030","3224985","3291877","3360463","3430908","3502899","3575981","3649873","3723734","3793879","3860543","3926912","3993148","4058976","4124609","4190916","4257604","4324873","4396256","4472097","4549595","4628556","4709715","4792563","4875789","4959233","5043024","5127114","5211368","5295667","5379801","5463769","5547565","5631129","5714436","5797447","5876234","5947416","6023404","6108428","6194100","6279563",
"Brazil","BRA","Population, female","SP.POP.TOTL.FE.IN","36100035","37220571","38362620","39524520","40699671","41877789","43052818","44220630","45382763","46549670","47729157","48925361","50143237","51383911","52641174","53917926","55225306","56565645","57937050","59335352","60756685","62191727","63628338","65068014","66508494","67943284","69360681","70752701","72122824","73473665","74810590","76122420","77423630","78712903","79979703","81247242","82513940","83776989","85060291","86337015","87563456","88745464","89889310","90993146","92064387","93116142","94144059","95139801","96094560","96998667","97857569","98697665","99542839","100393208","101245560","102088078","102908376","103701726","104452738","105174727","105816369","106313829","106757480","107227668","107703455","108154997",
"Barbados","BRB","Population, female","SP.POP.TOTL.FE.IN","120470","121349","122157","123100","124081","125099","126186","127042","127583","127854","127651","127383","127487","127692","127805","127896","127929","127926","127802","127580","127781","128384","129023","129705","130412","131111","131763","132349","132841","133258","133578","133969","134485","134940","135323","135624","135847","136002","136112","136229","135978","136169","137166","138116","139016","139868","140675","141467","142315","143159","143764","144164","144518","144841","145144","145424","145691","145940","146174","146388","146596","146790","146907","146972","147044","147106",
"Brunei Darussalam","BRN","Population, female","SP.POP.TOTL.FE.IN","41322","43035","44752","46572","48521","50525","52579","54678","56810","58966","60357","61321","63127","65441","67788","70171","72582","75043","77537","80052","82618","85243","88133","91331","94692","98220","101897","105462","108841","112222","115630","119145","122698","126194","129680","133156","136617","140072","143515","146948","150376","153763","157076","160290","163381","166348","169198","172550","176496","180528","184675","188458","191362","193793","196180","198528","200827","203062","205214","207287","209300","211320","213203","215060","217022","218895",
"Bhutan","BTN","Population, female","SP.POP.TOTL.FE.IN","108190","111260","114541","118028","121664","125480","129487","133686","138084","142690","147492","152475","157643","163006","168565","174332","180319","186531","192970","199600","206390","213327","220398","227646","235076","242658","250421","258346","266393","274555","282380","287796","277603","266857","267087","264252","264922","269983","275406","280738","285382","289810","294046","298091","301978","305820","309663","313430","317089","320668","324214","327777","331392","335034","338601","341949","345126","348237","351188","353962","356798","359754","362724","365702","368477","371188",
"Botswana","BWA","Population, female","SP.POP.TOTL.FE.IN","267947","274314","280886","287706","294790","300229","303897","307543","311197","314903","318712","324983","335607","349470","364705","380868","398474","417429","439941","463775","481256","497587","516892","535620","554761","574380","594259","614075","632572","650259","668581","687535","707225","727217","747107","766533","785058","802812","820227","837545","854973","872152","888071","903145","918450","934427","951287","969100","987958","1007858","1028731","1048841","1065697","1080254","1094499","1108731","1123188","1138004","1153188","1168812","1185077","1202318","1221897","1243275","1264574","1285629",
"Central African Republic","CAF","Population, female","SP.POP.TOTL.FE.IN","860519","876548","893217","910586","928727","947733","967697","988713","1010865","1033887","1056701","1078491","1099476","1120430","1141938","1164087","1180450","1190808","1201440","1212421","1223822","1235770","1248264","1261282","1274911","1289120","1303839","1319372","1340321","1375084","1419604","1465809","1514190","1564276","1614974","1660846","1705689","1754343","1803604","1854467","1906825","1950353","1994131","2042789","2087676","2135624","2179995","2222591","2270625","2278515","2284121","2320938","2343860","2360261","2354700","2361353","2404318","2446985","2492227","2532900","2581797","2628853","2641776","2684793","2772728","2862802",
"Canada","CAN","Population, female","SP.POP.TOTL.FE.IN","8848220","9037912","9220526","9406794","9597655","9783692","9976323","10163518","10334801","10484066","10630940","10941768","11072549","11217990","11383864","11560804","11725894","11877269","12009530","12140390","12306806","12467722","12625403","12759834","12889906","13015632","13149360","13325840","13504466","13755869","13967885","14143139","14318211","14484401","14648495","14805153","14961771","15108952","15234832","15358924","15497675","15660029","15826407","15967799","16116023","16267070","16431516","16592802","16774720","16968086","17157520","17322863","17505132","17683759","17858518","17994677","18198458","18412189","18668093","18933946","19135365","19240905","19603766","20161078","20772630","20970240",
"Central Europe and the Baltics","CEB","Population, female","SP.POP.TOTL.FE.IN","47286154","47680213","48047843","48446527","48870318","49215721","49552108","49994435","50414485","50778024","51047963","51305889","51674473","52060606","52482750","52953787","53428271","53858299","54216954","54529801","54829274","55128523","55433046","55722057","56001849","56266977","56526458","56775952","56989879","57068846","57060414","56944068","56789914","56785394","56804945","56754295","56659291","56581971","56518776","56460964","56174303","55790815","55442670","55270640","55117653","54964722","54823806","54618238","54418545","54349542","54127061","53906569","53741191","53537611","53370419","53193067","53007383","52826935","52663257","52522190","52168826","51653953","51587189","51639515","51573946","51446354",
"Switzerland","CHE","Population, female","SP.POP.TOTL.FE.IN","2746639","2799341","2867418","2925635","2971496","3003743","3033139","3068709","3105502","3138952","3161282","3178136","3202940","3228522","3248140","3248934","3232725","3223631","3225376","3232578","3245410","3262286","3279973","3293159","3304157","3317659","3334078","3354304","3378091","3403794","3436100","3478345","3517390","3549179","3577458","3601892","3618484","3627370","3637956","3654232","3673916","3697240","3724029","3749643","3773473","3795494","3816917","3846725","3889535","3933824","3971699","4012563","4051493","4094044","4140660","4184723","4225870","4261877","4292491","4322164","4352266","4383967","4419358","4474532","4531829","4574140",
"Channel Islands","CHI","Population, female","SP.POP.TOTL.FE.IN","57044","57549","58153","58824","59522","60199","60852","61513","62164","62800","63417","64050","64687","65287","65854","66354","66717","66957","67165","67367","67577","67933","68460","69028","69647","70285","70938","71639","72374","73143","73957","74570","74860","75030","75149","75215","75368","75646","75953","76235","76469","76769","77164","77566","77963","78362","78769","79189","79613","80044","80492","80944","81403","81851","82279","82618","82837","83064","83393","83762","84074","84339","84597","84865","85111","85304",
"Chile","CHL","Population, female","SP.POP.TOTL.FE.IN","4058358","4146092","4234288","4322932","4411333","4498689","4585067","4670545","4755293","4839891","4924261","5008404","5092891","5177686","5262236","5346764","5431557","5516497","5601460","5686394","5772168","5858718","5946090","6035762","6128356","6223813","6321814","6423099","6528236","6636418","6747789","6860925","6972677","7082328","7190222","7296794","7400977","7500935","7599574","7696489","7789941","7881445","7970111","8054909","8137155","8218877","8300005","8381924","8466194","8551894","8638065","8723368","8806863","8890610","8979128","9071160","9181532","9327873","9495562","9648587","9737386","9783967","9835064","9888681","9941322","9988733",
"China","CHN","Population, female","SP.POP.TOTL.FE.IN","326058670","323019123","325892138","334167831","342156294","350538771","360570214","370064789","379929372","390523904","401479690","412660567","422917720","432687020","441745460","449666686","456725398","463044005","469347624","475709203","481762852","488015436","495282890","502513011","509163454","516130781","523817327","532197548","540720813","548926345","556832160","564272852","571054002","577488483","583894568","590125717","596205685","602203186","607874860","613019865","617713943","622066985","626113148","629897770","633528006","637153944","640622204","643867508","647064821","650200886","653271088","656802304","661251570","665670016","669912632","673894521","677886142","682205710","685660839","688332681","690313465","691353011","691718700","691540464","691221827","690538986",
"Cote d'Ivoire","CIV","Population, female","SP.POP.TOTL.FE.IN","1817920","1883348","1953372","2027386","2104820","2185588","2269787","2357570","2449308","2546411","2650760","2763485","2884640","3013407","3149128","3291505","3429656","3564818","3708178","3860086","4021381","4191355","4369136","4553805","4745097","4942549","5145324","5353289","5567727","5792893","6031002","6280790","6541461","6811471","7089006","7374905","7669820","7973458","8282542","8559908","8803797","9045841","9285402","9522033","9758019","9996275","10236879","10480160","10699283","10892543","11086611","11279700","11465698","11645668","11914771","12280056","12657619","13035949","13407917","13779108","14147956","14518035","14903156","15296021","15687549","16083185",
"Cameroon","CMR","Population, female","SP.POP.TOTL.FE.IN","2637490","2690457","2746105","2804359","2864459","2926955","2992532","3061784","3135230","3213079","3295233","3381523","3471768","3565814","3663559","3764626","3864372","3963031","4070188","4183563","4319373","4471019","4576893","4670012","4799647","4942728","5091574","5246245","5402832","5561241","5725404","5892767","6062019","6235001","6410435","6586746","6764307","6944038","7128282","7317432","7509682","7706216","7912254","8127753","8350971","8581113","8817256","9065596","9326470","9595431","9871705","10153154","10441265","10737398","11066252","11418440","11764201","12101833","12441447","12792259","13146018","13500426","13860475","14232102","14609403","14989108",
"Congo, Dem. Rep.","COD","Population, female","SP.POP.TOTL.FE.IN","7969250","8164625","8368696","8581985","8804445","9040075","9289332","9550513","9821104","10095930","10375313","10650430","10924040","11207997","11499320","11796008","12092784","12390224","12767261","13209323","13615568","14004017","14416653","14866940","15357770","15860990","16354238","16864387","17400225","17947141","18541631","19159460","19809077","20522885","21509417","22415093","22853524","23229820","23878697","24708767","25520404","26339349","27155530","27959297","28791405","29684555","30608557","31542884","32502760","33517939","34598251","35745573","36952970","38225854","39538335","40860164","42326386","43895990","45385211","46842742","48373399","49963807","51598667","53305848","55059433","56847963",
"Congo, Rep.","COG","Population, female","SP.POP.TOTL.FE.IN","533313","547213","561678","576789","592632","609231","626627","644769","663748","683655","704460","726231","749022","772708","797094","819892","840753","861640","882541","903324","924076","944931","965650","985903","1010655","1040528","1071078","1102340","1134171","1166773","1199849","1233702","1268279","1305525","1343956","1381494","1419475","1451254","1485098","1525415","1583978","1643753","1682085","1728775","1787823","1852411","1922142","1992968","2058954","2142329","2232431","2305810","2370910","2429020","2488236","2548921","2611269","2675401","2741378","2808099","2876271","2946115","3017640","3091656","3166866","3242815",
"Colombia","COL","Population, female","SP.POP.TOTL.FE.IN","7835000","8076710","8325531","8579503","8837613","9099527","9362217","9624494","9886050","10144899","10401478","10652164","10899796","11150447","11402522","11656362","11911877","12177858","12455362","12737740","13032452","13337462","13650754","13976709","14305744","14621530","14931083","15247017","15569800","15901014","16242437","16582601","16926073","17279127","17633803","17983261","18322687","18662190","19007995","19349909","19678819","20000323","20319529","20636110","20947770","21248759","21537865","21818487","22088784","22353272","22613878","22862816","23098848","23324568","23538998","23748377","23988805","24342009","24795335","25243941","25616896","25914903","26204251","26502596","26791092","27067163",
"Comoros","COM","Population, female","SP.POP.TOTL.FE.IN","100154","101911","103665","105407","107133","108780","110625","113230","116416","119771","123320","127089","131100","135354","139842","144502","149299","154227","159225","164273","169303","174290","179369","184609","190012","195584","201292","207088","212955","218912","224925","230758","235852","240347","244798","249254","253758","258352","263019","267533","272087","277023","282144","287300","292798","298643","304520","310434","316436","322551","328768","335134","341680","348478","355408","362285","369124","376185","383521","390897","398640","406650","414630","422690","430813","438969",
"Cabo Verde","CPV","Population, female","SP.POP.TOTL.FE.IN","110841","113264","116358","119633","122994","126450","130017","133706","137526","141484","145444","148660","150861","152775","154803","157304","160142","162870","165566","168277","171025","173532","175817","178132","180410","182702","185048","187417","189812","192443","196022","200227","204260","208150","211901","215462","218839","222100","225247","228272","231260","234193","236925","239424","241730","243900","245991","247999","249862","251550","252820","253364","253445","253389","253237","253059","252919","252851","252850","252896","252892","253761","255331","256640","257930","259172",
"Costa Rica","CRI","Population, female","SP.POP.TOTL.FE.IN","660386","685352","710864","736716","762677","788576","814308","839812","864714","889294","913979","938659","963412","988374","1013996","1040572","1068197","1096955","1126862","1158020","1190216","1223294","1257396","1292508","1328620","1365634","1403139","1440738","1478323","1516180","1555537","1596738","1639155","1682414","1726153","1770291","1814499","1858218","1901062","1942709","1982049","2018738","2052991","2085291","2116712","2148060","2178888","2209164","2239874","2270502","2299273","2326763","2354169","2380554","2406364","2432274","2457278","2480836","2503744","2525255","2543508","2557639","2569726","2582392","2595182","2607281",
"Caribbean small states","CSS","Population, female","SP.POP.TOTL.FE.IN","1295463","1322260","1349663","1377796","1405350","1432774","1460491","1488141","1515556","1542480","1566352","1587494","1605493","1620105","1633893","1647273","1660521","1673465","1686026","1698211","1711107","1724413","1737379","1750489","1763611","1777872","1792761","1806084","1818581","1830614","1840882","1852296","1866775","1881129","1895493","1911323","1927473","1943216","1958625","1973846","1988699","2003634","2019238","2035421","2050978","2036273","2049147","2063272","2077414","2089453","2103680","2118482","2133644","2150445","2167061","2183039","2198604","2212878","2230411","2247766","2260631","2272126","2281852","2293907","2304767","2314777",
"Cuba","CUB","Population, female","SP.POP.TOTL.FE.IN","3540744","3617157","3696074","3778073","3861765","3945445","4027751","4108142","4187320","4266560","4345932","4422377","4492648","4556303","4613807","4664717","4708544","4745122","4774943","4799059","4818693","4842088","4876669","4918310","4961462","5005071","5049969","5096896","5146705","5197891","5247873","5291452","5326283","5354820","5380770","5406233","5430269","5454067","5478809","5504518","5530180","5554743","5577854","5599321","5619071","5636317","5649816","5659627","5667202","5673944","5680497","5687788","5691663","5690153","5685197","5681407","5678772","5672587","5665169","5656039","5646057","5624501","5598475","5580991","5562903","5543237",
"Curacao","CUW","Population, female","SP.POP.TOTL.FE.IN","62800","63524","64726","66008","67213","68332","69099","69889","71038","72254","73412","74833","75101","74807","75641","76145","76394","76537","76080","75953","76178","76609","77493","78153","78676","79201","79299","78797","77775","76691","76016","75621","75495","75837","76155","76572","77348","77869","76733","74241","71471","69013","69199","70807","72205","74221","76286","77949","79082","79750","80925","82313","83014","83712","84647","85626","86451","86682","84048","81906","81591","80746","80409","81093","81735","81811",
"Cayman Islands","CYM","Population, female","SP.POP.TOTL.FE.IN","4443","4529","4619","4712","4810","4907","5005","5106","5203","5295","5467","5752","6080","6412","6748","7084","7414","7733","8033","8333","8695","9112","9540","9966","10397","10839","11282","11723","12173","12648","13223","13884","14564","15262","15970","16682","17401","18126","18840","19540","20237","20938","21645","22349","23061","23786","24510","25237","25966","26689","27420","28139","28844","29543","30235","30915","31588","32252","32900","33541","34171","34865","35622","36362","37082","37781",
"Cyprus","CYP","Population, female","SP.POP.TOTL.FE.IN","298886","303405","306160","308828","311288","313702","316236","318823","321429","324089","326848","329768","332885","335279","335352","334763","335473","336639","337817","339035","340325","341723","344288","349007","354725","360363","365933","371422","376791","382009","387074","391940","397258","404976","414340","423391","432216","440883","449402","457764","465991","474258","483007","492191","501418","510623","519822","529042","538274","547513","556764","566219","575895","585352","594485","603502","612478","621232","629591","637642","645595","653366","660545","667374","674034","680291",
"Czechia","CZE","Population, female","SP.POP.TOTL.FE.IN","4943878","4937610","4957893","4982129","5011630","5038129","5060022","5077260","5090417","5102319","5083927","5069237","5091182","5119216","5152724","5188357","5222746","5253594","5281317","5306234","5311222","5308474","5315223","5318968","5321149","5323783","5325406","5326996","5330381","5332695","5318204","5304874","5308996","5312759","5312406","5307140","5299351","5292241","5285821","5278928","5262502","5240000","5226006","5220599","5218357","5221570","5231488","5258047","5297852","5324047","5335541","5343660","5348916","5348039","5351090","5358877","5366453","5378161","5393705","5412760","5424401","5326877","5410575","5507052","5527560","5517651",
"Germany","DEU","Population, female","SP.POP.TOTL.FE.IN","38946165","39179842","39462166","39752698","39981003","40213615","40502989","40704757","40870349","41093241","41165133","41205798","41350112","41436145","41447266","41336551","41185468","41091296","41035282","41008471","41023210","41034624","40979209","40857893","40701232","40581045","40544645","40514474","40579185","40815651","41087494","41310786","41525342","41724789","41850373","41952669","42049718","42155893","42159998","42132985","42198832","42269743","42333358","42368216","42367382","42371865","42278226","42139308","42050191","41973689","41932189","41126974","41118790","41140519","41250774","41477200","41709920","41855160","41970559","42061667","42100629","42124059","42114694","42164031","42274973","42261807",
"Djibouti","DJI","Population, female","SP.POP.TOTL.FE.IN","43440","45145","47115","49434","52127","55106","58224","61446","64778","68729","73319","78339","83945","90091","97229","105943","116434","128461","141261","153584","164301","172959","179898","186254","193531","202885","214759","228844","243964","263468","291702","317642","315181","309317","315535","318673","326278","337988","351730","364134","375649","387616","399740","408733","415093","421709","430122","439631","448868","458393","467876","477148","486361","495528","504618","513575","522406","531163","539850","548432","556871","565118","573238","581342","589409","597272",
"Dominica","DMA","Population, female","SP.POP.TOTL.FE.IN","32010","32427","32765","33141","33555","34019","34537","35105","35712","36355","36809","36974","37058","37143","37220","37279","37323","37338","37318","37260","37155","36992","36793","36601","36427","36265","36100","35926","35744","35544","35324","35185","35187","35213","35201","35160","35095","35007","34886","34737","34552","34425","34426","34468","34488","34488","34490","34486","34471","34458","34434","34539","34573","34939","35338","35345","34833","34154","33980","33828","33673","33492","33328","33212","33103","32978",
"Denmark","DNK","Population, female","SP.POP.TOTL.FE.IN","2308421","2324684","2342793","2361602","2380845","2400102","2419868","2438983","2454255","2467465","2482531","2498096","2514082","2530364","2544345","2554593","2562807","2572133","2581577","2589548","2594470","2595601","2595330","2594777","2594166","2594903","2597254","2599995","2601396","2603197","2607423","2613822","2621788","2629554","2637734","2650571","2664527","2674751","2683725","2692042","2700401","2709550","2717658","2724332","2730851","2737880","2746011","2756775","2771295","2785501","2797856","2809034","2818912","2829486","2841902","2859066","2879019","2896758","2910981","2921554","2930630","2942923","2967128","2990995","3006104","3022023",
"Dominican Republic","DOM","Population, female","SP.POP.TOTL.FE.IN","1621358","1673886","1727303","1781501","1836647","1892781","1950149","2008709","2067883","2127879","2189087","2251626","2315485","2380651","2446608","2512867","2579642","2647124","2715294","2784073","2853601","2923213","2992477","3062538","3133501","3204338","3274959","3345883","3417827","3491501","3566407","3641298","3715709","3789881","3864063","3937895","4010934","4082253","4151191","4219963","4289850","4358819","4425724","4490791","4553683","4614335","4672801","4730353","4789565","4851510","4915322","4979819","5044205","5107876","5170515","5231689","5291616","5351005","5410104","5467622","5527357","5588247","5644520","5696732","5746363","5794308",
"Algeria","DZA","Population, female","SP.POP.TOTL.FE.IN","5659063","5752713","5814414","5876120","5937814","5988335","6077683","6218919","6364894","6514032","6665206","6820049","6981391","7150820","7329554","7590788","7932451","8221890","8465397","8726896","9007599","9308191","9626113","9958736","10303276","10657661","11012243","11350985","11675906","11991516","12297012","12598509","12910659","13222949","13516290","13795311","14062378","14318463","14549093","14762200","14978794","15195121","15408407","15624659","15854109","16098219","16359132","16643697","16955518","17288358","17633783","17988948","18358888","18741956","19136664","19543144","19956557","20373068","20780238","21175753","21551767","21912671","22270515","22614984","22939924","23248471",
"East Asia & Pacific (excluding high income)","EAP","Population, female","SP.POP.TOTL.FE.IN","441098756","441194298","447293771","458933502","470378587","482167344","495584119","508604842","522110930","536443145","551162496","566125356","580241263","593885165","606783785","618494350","629324870","639473855","649685605","660075612","670313385","680862252","692539599","704345059","715651956","727209000","739391611","752251507","765275790","777963470","790380071","802371916","813717889","824761513","835801948","846727150","857489715","868178411","878408173","887817067","896589315","904944303","912912487","920583880","928014611","935408577","942841960","950292736","957695783","964880360","971950585","979498987","988021483","996476230","1004622486","1012426600","1020168620","1028160432","1035127910","1041177922","1046340481","1050156931","1053171937","1055764642","1058165223","1060123865",
"Early-demographic dividend","EAR","Population, female","SP.POP.TOTL.FE.IN","474112062","486433366","499097712","512076552","525431566","538816777","552248247","566205417","580568016","595217254","610190747","625178088","640496760","656496430","672900176","689680186","706853379","724358730","742108751","760604173","780039352","800617599","821899497","843328337","865103458","887201216","909610821","932361635","955352618","978410408","1002751106","1026214039","1049376092","1071759753","1093582660","1116308847","1140149374","1163926740","1187029906","1209893743","1232755125","1255649513","1278012269","1300138924","1322615533","1344923276","1367418289","1390000241","1412478305","1435069200","1457723408","1480664603","1503122495","1525252635","1546660662","1568192809","1589573627","1610382871","1630824809","1651374283","1671905660","1690278563","1709767556","1730506420","1751068003","1771417075",
"East Asia & Pacific","EAS","Population, female","SP.POP.TOTL.FE.IN","515353906","516578019","523875341","536711894","549369230","562402902","576965531","591044481","605797666","621505179","637609787","654461330","669904716","684903978","699219785","712222779","724213308","735475500","746768386","758296616","769610801","781296464","794123484","807005920","819285022","831727921","844712580","858369820","872170328","885645150","898800435","911658873","923801457","935603495","947416101","959083417","970682303","982089852","993041187","1003032221","1012466082","1021576620","1030168704","1038370096","1046252737","1054060711","1062057100","1070151528","1078254484","1085990983","1093594834","1101599244","1110623840","1119529969","1128171942","1136474055","1144696456","1153080932","1160419274","1166801136","1172056257","1175427965","1178207148","1181255672","1183834870","1185728232",
"Europe & Central Asia (excluding high income)","ECA","Population, female","SP.POP.TOTL.FE.IN","67868173","69255122","70628599","72002971","73379267","74712431","76055898","77410362","78755779","80108357","81356623","82585231","83813785","85007686","86186544","87351461","88612751","89978899","91341496","92642922","93939122","95135353","96382838","97728614","99109713","100498264","101919660","103355866","104747574","106084725","107289218","108232870","109148043","109834042","110325606","110745841","111214840","111594858","111879559","112180920","112671113","113157214","113639869","114128168","114617737","115076781","115584777","115855584","116563129","117369891","118250842","119159659","120078794","121065593","122091214","123115141","124163981","125183641","126194552","127241437","128106344","128852336","128086308","127106008","127959524","129436667",
"Europe & Central Asia","ECS","Population, female","SP.POP.TOTL.FE.IN","351332420","354974927","358677793","362416021","366177373","369827946","373101733","376410488","379603531","382680016","385504541","388330618","391298129","394148502","396896728","399607908","402401435","405199038","407939339","410592639","413279280","415749244","418022281","420303889","422700434","425183201","427699630","430170711","432790049","435424155","437492553","439342177","440965155","442337255","443491087","444450494","445282016","446059532","446643258","447186224","447842037","448532067","449408861","450598088","451910578","453229118","454505465","455638189","457358749","459142608","460723851","461554096","463150365","464693015","466407164","468179719","469960379","471542074","473061911","474671742","475425454","475686972","475509139","475696979","477600305","479624664",
"Ecuador","ECU","Population, female","SP.POP.TOTL.FE.IN","2301749","2367077","2435202","2506125","2579977","2656801","2736479","2818902","2903963","2991449","3081232","3173310","3267595","3363934","3462045","3561662","3662699","3765348","3869749","3975821","4084028","4194245","4306126","4420331","4537104","4654829","4771816","4888132","5003677","5119086","5235019","5349544","5463659","5576000","5685255","5794809","5905430","6015867","6126181","6236190","6345533","6456412","6570479","6687722","6806468","6925941","7046762","7168964","7293096","7419388","7545581","7670966","7794256","7911715","8025457","8140628","8259701","8386601","8531909","8678162","8786064","8860886","8935072","9015132","9094348","9172882",
"Egypt, Arab Rep.","EGY","Population, female","SP.POP.TOTL.FE.IN","13392299","13747763","14116182","14493560","14877131","15262686","15653266","16051975","16456446","16866054","17275285","17681661","18094276","18516598","18949378","19397870","19851735","20320228","20816848","21334666","21888344","22473275","23088875","23762267","24475716","25202951","25920362","26630782","27358958","28090540","28875808","29639951","30338908","31029518","31697361","32365712","33040450","33731604","34468291","35233974","35997556","36767961","37552383","38353482","39161149","39971380","40777190","41579742","42392582","43228158","44092069","45044515","46068060","47144052","48238207","49283756","50317285","51337876","52320897","53247874","54121571","54930870","55751050","56705185","57698113","58605499",
"Euro area","EMU","Population, female","SP.POP.TOTL.FE.IN","144650576","145793734","146935615","148087585","149239203","150374858","151508543","152547020","153512769","154418981","155164499","155955789","156912898","157821149","158658126","159458077","160174450","160832427","161472858","162085253","162699274","163269573","163669572","164024825","164311599","164609024","164966214","165334019","165802950","166391704","166994664","167560751","168106783","168683609","169196568","169579316","169906959","170315697","170616234","170940523","171453664","171922122","172633648","173510006","174398671","175260427","175976131","176748570","177568541","178185718","178661920","178316098","178614703","178751216","178973452","179279928","179566248","179793249","180077841","180422080","180592012","180652960","181115539","181872751","182545574","183058151",
"Eritrea","ERI","Population, female","SP.POP.TOTL.FE.IN","493828","505670","518110","531092","544521","558388","572034","586074","601147","616644","632713","649395","666258","683299","700253","717191","735778","755945","776643","797883","819761","842381","865773","886849","905354","924076","943269","965486","990783","1015704","1039024","980917","918752","947198","975941","1031367","1082735","1094422","1110124","1130643","1150524","1182950","1223152","1273381","1325341","1356593","1377510","1397129","1433453","1469014","1497458","1523921","1542992","1561512","1571768","1576805","1586239","1598920","1619967","1643512","1668948","1698263","1727642","1757866","1790250","1825728",
"Spain","ESP","Population, female","SP.POP.TOTL.FE.IN","15662613","15798284","15935490","16067621","16220330","16390421","16552206","16750465","16964718","17126510","17310840","17513587","17700465","17888814","18066470","18243680","18429265","18612267","18784998","18945508","19094568","19226153","19336904","19427806","19505861","19575368","19634605","19687919","19733550","19770718","19799160","19853842","19949581","20050551","20143990","20231824","20315723","20400078","20482406","20563263","20653050","20795293","21071764","21422540","21759656","22092917","22444601","22837293","23183031","23395627","23524158","23630848","23675585","23623148","23575414","23571647","23605864","23680197","23798634","23974426","24099378","24144198","24321224","24611600","24866250","25128973",
"Estonia","EST","Population, female","SP.POP.TOTL.FE.IN","677310","682557","689349","696513","704303","711671","717190","720789","725508","731148","737786","746014","753498","759831","765581","770791","775510","780501","785198","788965","793105","798102","803234","808126","812733","817508","822867","828347","832617","835135","834760","830135","816402","797180","780920","767691","756861","748296","740850","742527","745852","741421","737236","733031","728994","724989","720757","717551","715418","713460","711219","708506","705519","702440","699883","699484","698661","698042","698558","699376","699591","699762","708704","719434","719839","716019",
"Ethiopia","ETH","Population, female","SP.POP.TOTL.FE.IN","10885369","11160755","11449778","11751897","12068097","12399254","12729839","13073198","13441729","13818873","14207017","14602194","14999022","15405007","15810575","16204494","16622537","16949801","17242852","17502066","17599217","18046046","18758034","19284806","19784663","20334107","20921578","21616682","22440937","23284422","24130615","25156534","26192071","27091378","28015369","28953795","29895525","30838755","31792693","32776623","33771001","34778443","35822516","36892626","37988239","39108666","40253816","41435130","42641414","43862438","45118351","46414501","47729812","49043115","50377651","51752044","53178203","54654315","56155672","57695135","59291103","60910800","62543054","64205530","65892477","67595947",
"European Union","EUU","Population, female","SP.POP.TOTL.FE.IN","185592535","187010681","188450347","189935405","191448602","192880574","194309609","195746502","197076087","198295307","199281192","200292132","201561240","202789677","203978721","205183635","206302238","207317889","208264007","209141087","210002783","210819829","211460740","212032445","212527076","213027466","213577672","214127847","214760169","215459881","216140926","216713301","217269095","217932034","218523756","218958091","219295969","219703230","220005447","220329043","220631197","220938257","221436749","222222584","223045991","223847297","224521215","225187711","225912742","226565172","226950029","226511992","226752749","226850660","227045474","227328970","227597726","227828142","228111239","228452837","228373706","228019613","228496741","229327804","229966866","230397148",
"Finland","FIN","Population, female","SP.POP.TOTL.FE.IN","2296157","2310872","2325380","2340845","2352957","2359865","2367948","2380290","2390548","2388999","2381309","2385196","2398160","2410491","2422574","2433448","2441374","2447818","2454234","2460831","2468653","2478753","2491720","2505739","2518587","2528692","2536340","2542778","2549388","2557332","2566950","2579101","2591828","2602704","2612386","2621081","2628393","2634948","2640865","2645875","2649961","2654451","2659227","2663977","2670579","2678810","2688154","2698375","2709097","2720424","2731505","2742669","2754264","2765375","2775309","2782780","2788351","2792462","2794308","2795824","2798495","2802531","2809620","2824431","2842174","2854293",
"Fiji","FJI","Population, female","SP.POP.TOTL.FE.IN","195494","201983","208769","215843","223060","230332","237465","243898","249694","255321","260767","266013","270990","275633","280060","284601","289709","296003","303214","310651","318264","326058","334050","342284","350754","359264","366994","372579","376595","380301","383688","386746","389479","391905","394024","395923","398358","402393","407252","411835","416183","420342","424391","428320","432139","435930","439719","443235","446216","448778","451031","452986","454672","456098","457427","458693","459671","460146","460094","459666","460290","461603","463155","465493","467811","470027",
"France","FRA","Population, female","SP.POP.TOTL.FE.IN","24388808","24622320","24851535","25089970","25353223","25593135","25812157","26020124","26210977","26402004","26608142","26832207","27050001","27248194","27416506","27556997","27692333","27838293","27980799","28120722","28282745","28457105","28570521","28745158","28910672","29079129","29244161","29414890","29594588","29777651","29947113","30103214","30260329","30402713","30528826","30652917","30772754","30891023","30988782","31135853","31365794","31609245","31852476","32088612","32336968","32596067","32825830","33023600","33207934","33377741","33538255","33701265","33864269","34036175","34204877","34342402","34430680","34521778","34643889","34749339","34855924","34973992","35143350","35232867","35318894","35404381",
"Faroe Islands","FRO","Population, female","SP.POP.TOTL.FE.IN","16416","16598","16770","16951","17145","17363","17573","17762","17947","18128","18314","18526","18747","18962","19170","19369","19566","19779","20029","20303","20578","20857","21131","21370","21597","21879","22083","22363","22688","22981","22888","22776","22736","22388","21574","21073","21063","21333","21593","21815","22093","22499","22814","23128","23276","23249","23229","23256","23346","23457","23563","23654","23473","23400","23445","23653","23937","24294","24668","25019","25374","25708","26000","26264","26408","26558",
"Micronesia, Fed. Sts.","FSM","Population, female","SP.POP.TOTL.FE.IN","21172","21941","22741","23500","24223","24980","25770","26565","27368","28212","29099","29951","30765","31616","32492","33346","34191","35078","36089","37227","38388","39568","40764","41975","43208","44456","45718","46987","48092","49023","49947","50860","51864","52985","54017","54661","54989","55270","55540","55807","56044","56193","56217","56126","55952","55715","55411","55034","54600","54153","53971","54053","54153","54275","54415","54581","54766","54974","55199","55394","55729","56107","56375","56655","56943","57227",
"Gabon","GAB","Population, female","SP.POP.TOTL.FE.IN","264195","267332","270680","274229","277977","281945","286151","290594","295278","300888","307268","313610","320002","326595","333508","340826","348606","356840","365525","374646","384211","394265","404756","415628","426861","438438","450375","462688","475362","488303","501469","514869","528496","542350","556340","570313","584313","598591","613279","628420","644133","660490","677518","695266","713873","733577","754504","776714","800251","825309","852095","880537","910211","940524","970746","1000217","1028793","1056660","1084307","1112105","1139821","1167434","1195005","1222547","1250207","1277916",
"United Kingdom","GBR","Population, female","SP.POP.TOTL.FE.IN","27087260","27265086","27460134","27637673","27802667","27974742","28125317","28275159","28414616","28532999","28637461","28738819","28823016","28870557","28877822","28865075","28853290","28846645","28850871","28873565","28906644","28922418","28918454","28901418","28923076","29001605","29083931","29134567","29328957","29551584","29641433","29738378","29784083","29818864","29892451","29961002","30023364","30089701","30166931","30254272","30343575","30437111","30543756","30665632","30821071","31014712","31222319","31441219","31663843","31880512","32103121","32327054","32537949","32736033","32958504","33167622","33401322","33564313","33715448","33872450","33912200","34019761","34345168","34790678","35166189","35261705",
"Georgia","GEO","Population, female","SP.POP.TOTL.FE.IN","1924250","1954000","1982895","2011185","2038577","2064559","2094826","2129389","2162514","2196240","2222043","2243079","2265663","2285410","2304922","2321396","2337355","2352295","2364972","2381524","2400047","2417316","2435262","2454410","2473414","2493059","2513072","2531624","2554583","2558015","2556290","2577163","2600895","2626606","2593003","2502876","2418803","2347341","2294649","2252871","2214960","2185751","2168752","2151908","2133445","2115346","2099503","2085211","2075617","2053492","2034476","2014512","1996214","1986816","1986106","1989375","1990777","1991301","1990754","1987553","1989234","1981454","1982788","1983955","2035367","2100569",
"Ghana","GHA","Population, female","SP.POP.TOTL.FE.IN","3402983","3510587","3608526","3707613","3808323","3911440","4016613","4124220","4234805","4350251","4473875","4600319","4730655","4869959","5014306","5162453","5313549","5475225","5650067","5831724","6005550","6171766","6352550","6550087","6723743","6869761","7022303","7184454","7358036","7542614","7735488","7930394","8127176","8327319","8530629","8738146","8947239","9162969","9387262","9618135","9860638","10123040","10401243","10682004","10965049","11252882","11545647","11843569","12144756","12448621","12752437","13060547","13378562","13703178","14029963","14356569","14686334","15011792","15326382","15637515","15953563","16271078","16588340","16910369","17233172","17554892",
"Gibraltar","GIB","Population, female","SP.POP.TOTL.FE.IN","11414","11397","11506","11712","11919","12127","12345","12570","12794","13017","13241","13419","13543","13657","13764","13859","13945","14024","14094","14152","14197","14227","14228","14188","14120","14033","13925","13790","13639","13473","13287","13131","13145","13282","13407","13515","13609","13695","13765","13820","13868","13884","13984","14189","14395","14608","14814","15014","15217","15417","15634","15842","16021","16215","16423","16614","16850","17153","17469","17804","18158","18513","18895","19326","19754","20157",
"Guinea","GIN","Population, female","SP.POP.TOTL.FE.IN","1788740","1821014","1854217","1888343","1923452","1959615","1996891","2035458","2075333","2116033","2156939","2197712","2238313","2278758","2319127","2359609","2400396","2441949","2484864","2529835","2577592","2628499","2682902","2740500","2801479","2866658","2936034","3009306","3085603","3163511","3271350","3401112","3507737","3612386","3718867","3820612","3926172","4012100","4094401","4187972","4275271","4344644","4421918","4521154","4619866","4716953","4819683","4932548","5052051","5175679","5303204","5434472","5567927","5704153","5844864","5990767","6141620","6295675","6452610","6613827","6778437","6943925","7111822","7282935","7453518","7622055",
"Gambia, The","GMB","Population, female","SP.POP.TOTL.FE.IN","201203","206596","212177","217945","223880","229976","236221","242725","249536","256588","263893","271513","279479","287777","296532","305859","315829","326526","337934","350109","363077","376731","391137","406624","422572","438762","455865","473906","492922","512977","534076","556124","578444","599757","619415","638202","657017","676029","695359","715029","734925","755095","775595","796675","818605","841509","865638","890851","916799","943456","970908","999299","1028748","1058894","1089023","1118808","1148242","1177300","1205898","1234385","1263752","1293829","1323973","1354585","1385654","1416778",
"Guinea-Bissau","GNB","Population, female","SP.POP.TOTL.FE.IN","288673","291022","294675","297644","295514","289546","286268","288054","293345","295766","297848","299435","300308","304060","314865","334114","356182","380474","405950","420052","424789","431888","439129","446470","453906","461451","469112","476915","484943","493227","501580","512427","527627","545192","562157","576324","588228","599284","610492","622232","634618","647830","661776","676426","691685","707555","724259","741929","760269","779227","798993","819621","841054","863090","885424","907851","930325","952680","975002","997539","1020125","1042725","1065850","1089544","1113342","1137222",
"Equatorial Guinea","GNQ","Population, female","SP.POP.TOTL.FE.IN","138534","141174","143936","146818","149830","152985","156282","159730","163259","165278","164719","162453","159211","155527","151793","148258","144915","142867","142763","144550","149123","156583","166281","177028","187798","198141","207740","216635","225181","233733","242427","251345","260561","270119","279737","289442","299594","310230","321365","332997","349635","371327","393643","416699","440719","462137","480954","500928","522084","544385","567694","590985","614091","637744","661856","686284","710907","735652","760472","785324","807749","828870","850861","872672","894768","917139",
"Greece","GRC","Population, female","SP.POP.TOTL.FE.IN","4243998","4277322","4303245","4319420","4335508","4370132","4425256","4458165","4485019","4503102","4500065","4514003","4543153","4562652","4578411","4620203","4693735","4757368","4817689","4861113","4898647","4947852","4978327","5007196","5031896","5051239","5067817","5084876","5103629","5130612","5185788","5247847","5285766","5314499","5338815","5361399","5383172","5407996","5435765","5454395","5474870","5501833","5521522","5535747","5551573","5570703","5592530","5614075","5637262","5660762","5677254","5680238","5665118","5641796","5619195","5593702","5573396","5559688","5544756","5530964","5513797","5449170","5382617","5366507","5365010","5367892",
"Grenada","GRD","Population, female","SP.POP.TOTL.FE.IN","49120","49642","50046","50343","50515","50563","50492","50376","50299","50288","50332","50416","50473","50425","50289","50087","49819","49479","49092","48654","48149","47861","47960","48186","48416","48668","48941","49237","49556","49890","50230","50571","50894","51201","51494","51770","52038","52301","52562","52822","53084","53286","53468","53675","53855","54026","54198","54364","54526","54679","54821","55090","55495","55903","56279","56612","56907","57132","57331","57553","57791","58008","58178","58334","58452","58537",
"Greenland","GRL","Population, female","SP.POP.TOTL.FE.IN","15875","16400","16958","17565","18084","18806","19351","19904","20501","21090","21672","21963","22422","22690","22865","22849","22835","22645","22512","22661","22921","23288","23515","23781","24038","24262","24413","24702","25046","25315","25522","25571","25573","25611","25834","26005","26031","26059","26090","26079","26126","26241","26368","26469","26569","26617","26565","26486","26397","26412","26538","26727","26706","26586","26534","26466","26505","26505","26442","26550","26631","26780","26802","26929","26952","26987",
"Guatemala","GTM","Population, female","SP.POP.TOTL.FE.IN","1982716","2042947","2104912","2168267","2233140","2299655","2367415","2436292","2506039","2575950","2646506","2717823","2790627","2865494","2940860","3015414","3082564","3152484","3233727","3318694","3407852","3500133","3591586","3689595","3798282","3910473","4024032","4140114","4261052","4385882","4513619","4641190","4770049","4902736","5037757","5174463","5311795","5450996","5593786","5737673","5876886","6014689","6155399","6296929","6439982","6582502","6724833","6869508","7013386","7155882","7300223","7448022","7598353","7748674","7897290","8043665","8193483","8343979","8484036","8613924","8743331","8868626","8996408","9135826","9277168","9418650",
"Guam","GUM","Population, female","SP.POP.TOTL.FE.IN","28290","29305","30324","31352","32392","33443","34489","35526","36553","37589","38739","40029","41370","42727","44087","45428","46776","48141","49495","50909","52285","53519","54708","55895","57092","58302","59528","60782","62075","63397","64787","66239","67680","69095","70496","71896","73263","74581","75876","77189","78234","78858","79305","79668","79964","80207","80414","80602","80793","81018","81203","81258","81210","81091","80916","80694","80429","80132","79802","79447","79708","80573","81362","82090","82789","83462",
"Guyana","GUY","Population, female","SP.POP.TOTL.FE.IN","285122","291541","298092","304731","311446","318223","325073","331997","339011","346139","352496","357563","362098","366439","370500","374285","377844","381183","384290","387172","389466","390643","390909","390641","389902","388734","387196","385360","383286","381055","378759","377880","378779","379967","381046","381979","382704","383235","383583","383697","383530","383017","382289","381966","381848","381314","380521","379635","378671","377587","376362","375024","375908","379181","382666","386282","389965","393694","403661","411269","413269","417833","421266","423896","426503","429164",
"High income","HIC","Population, female","SP.POP.TOTL.FE.IN","470322959","475805955","481373091","486909767","492466958","497864610","502697697","507434309","512130697","516809026","521573155","527105862","531801838","536390699","540936387","545436809","549759862","554003941","558228781","562566062","566764626","570904814","574769785","578416579","581978081","585582763","589186899","592767169","596551107","600553096","604005214","608014441","612098213","615914337","619596366","623106650","626545987","629971485","633220524","636259303","639258050","642276309","645330758","648475995","651788695","655109690","658678815","662543093","666690452","670545412","673492307","675970522","679278567","682507804","685699653","689244835","692727489","695526128","697840440","700315160","702150382","701585295","704402723","709267186","713956054","716662098",
"Hong Kong SAR, China","HKG","Population, female","SP.POP.TOTL.FE.IN","1517326","1553930","1620301","1676377","1723212","1773769","1790896","1833421","1871138","1908872","1962377","2005626","2038445","2089688","2149815","2184023","2204717","2230041","2264229","2384640","2442270","2499905","2546720","2594836","2628981","2665463","2705909","2738961","2767432","2801543","2815859","2847387","2882714","2944221","3022520","3093761","3245972","3286259","3327176","3372486","3415832","3455617","3486811","3496256","3540359","3572775","3612029","3657879","3693758","3715993","3758325","3797743","3851200","3877091","3915693","3960934","3995956","4033925","4072423","4109737","4102464","4068311","4032283","4138892","4134633","4123815",
"Honduras","HND","Population, female","SP.POP.TOTL.FE.IN","1028042","1057484","1087718","1118937","1151227","1184696","1219324","1255087","1292072","1330419","1370328","1411951","1455314","1499544","1543681","1590295","1640292","1691743","1744443","1798472","1853835","1910448","1968333","2027613","2088061","2149318","2211515","2274907","2339731","2406260","2474914","2545802","2618828","2693981","2771217","2850568","2931782","3014532","3094387","3175742","3263292","3352235","3441456","3530430","3619166","3707741","3795954","3883970","3971938","4059716","4146895","4233532","4320145","4406694","4493171","4579909","4667169","4754880","4843339","4932542","5021043","5107017","5194476","5285151","5375736","5465961",
"Heavily indebted poor countries (HIPC)","HPC","Population, female","SP.POP.TOTL.FE.IN","82618017","84646975","86744881","88912450","91170483","93522619","95951033","98483357","101134873","103894178","106751671","109665243","112609967","115707854","118957186","122263726","125646408","129033257","132727457","136579400","139908397","143026943","146695019","150786278","154994688","159269101","163570833","168052905","172720577","177575178","182389024","187272595","192815577","198970725","205004587","210959768","217092215","223236082","229620745","236205623","242658622","249262864","256506714","264041817","271543762","279314672","287357413","295345842","303617770","312280590","321001559","329926725","339144929","348656011","358650546","368915497","379563915","390733953","402000912","413307051","424867690","436471697","447967003","459676501","471735575","484166496",
"Croatia","HRV","Population, female","SP.POP.TOTL.FE.IN","2198423","2209877","2220992","2231548","2241355","2251818","2263448","2274436","2285230","2295818","2303892","2311307","2319303","2327783","2337039","2347131","2358895","2370887","2381997","2389175","2391796","2397764","2409439","2422014","2433740","2444941","2455359","2464690","2472406","2478233","2483138","2437472","2379190","2392190","2418915","2402113","2369024","2356999","2355033","2344302","2320825","2233007","2234708","2235934","2236425","2238918","2238670","2237035","2236059","2233038","2227498","2220230","2209916","2195721","2178527","2152382","2128986","2094933","2067643","2047101","2028487","2009887","1997208","1998511","2001201","2005676",
"Haiti","HTI","Population, female","SP.POP.TOTL.FE.IN","1980835","2016813","2053720","2089766","2126585","2165790","2205520","2245948","2287293","2329402","2372331","2416332","2461504","2507731","2554953","2603207","2652349","2702296","2753124","2804785","2857254","2910764","2965659","3021965","3079735","3139253","3200608","3263832","3329050","3396056","3464634","3533943","3603353","3673014","3742664","3812976","3884592","3957205","4030503","4104619","4180185","4256301","4332043","4408182","4483406","4559115","4637240","4716245","4795715","4875921","4931157","4985507","5064196","5141963","5219083","5295939","5372035","5447367","5522066","5596002","5668475","5737335","5805291","5875810","5947201","6017941",
"Hungary","HUN","Population, female","SP.POP.TOTL.FE.IN","5167492","5187277","5201569","5213280","5227476","5239794","5253224","5270209","5288184","5308155","5327355","5343172","5359484","5376723","5400601","5432038","5461494","5486859","5506293","5516843","5522796","5527444","5528452","5524704","5519042","5514249","5509389","5504394","5499987","5444807","5393291","5396977","5399339","5398330","5396140","5393476","5388209","5380792","5372227","5360999","5350607","5341311","5328931","5316367","5306644","5296345","5287731","5279779","5270359","5261256","5248302","5230742","5200183","5172956","5149619","5127352","5103869","5082653","5066027","5052953","5036221","5013533","4997943","4989346","4970566","4942201",
"IBRD only","IBD","Population, female","SP.POP.TOTL.FE.IN","942285326","953188682","970298151","993181693","1016105329","1039275036","1063704386","1088087809","1113142102","1139137217","1165888139","1193061269","1219496845","1245829737","1271846410","1297256765","1322384522","1347191167","1372161911","1397481894","1423200118","1449681875","1477541503","1505710874","1533908646","1562544949","1591894883","1621995123","1652164705","1681994865","1711169458","1739443337","1766756968","1793040752","1819122624","1845408396","1871431324","1897179598","1922478308","1947190205","1971129717","1994562605","2017220029","2039529467","2061970547","2084195231","2106153681","2127432344","2149230876","2171523709","2193761240","2216520628","2240596335","2265158226","2289195724","2312091893","2334471621","2356690584","2377440904","2396681151","2413759861","2427907770","2439975048","2452595363","2467074609","2481473192",
"IDA & IBRD total","IBT","Population, female","SP.POP.TOTL.FE.IN","1138057985","1153960897","1176258262","1204508661","1233003018","1261953343","1292340965","1322897991","1354354660","1386932822","1420312095","1454065561","1487316531","1520948408","1554539797","1587591365","1620466636","1653167935","1686512241","1720764131","1755484571","1791013437","1828467870","1866533887","1904726467","1943688964","1983589191","2024494657","2065611872","2106584597","2147025759","2186727992","2226180046","2265213640","2304055508","2343320404","2382637894","2421753086","2460501338","2498703530","2536245656","2573608432","2610699693","2647696783","2684918343","2722234437","2759844175","2797299189","2835444677","2874309488","2913404900","2953101111","2993906483","3034350395","3074733432","3114332317","3154005240","3194065734","3233182143","3271373998","3307876987","3341642309","3373424964","3406270176","3441226527","3476319998",
"IDA total","IDA","Population, female","SP.POP.TOTL.FE.IN","195772659","200772215","205960111","211326968","216897689","222678307","228636579","234810182","241212558","247795605","254423956","261004292","267819686","275118671","282693387","290334600","298082114","305976768","314350330","323282237","332284453","341331562","350926367","360823013","370817821","381144015","391694308","402499534","413447167","424589732","435856301","447284655","459423078","472172888","484932884","497912008","511206570","524573488","538023030","551513325","565115939","579045827","593479664","608167316","622947796","638039206","653690494","669866845","686213801","702785779","719643660","736580483","753310148","769192169","785537708","802240424","819533619","837375150","855741239","874692847","894117126","913734539","933449916","953674813","974151918","994846806",
"IDA blend","IDB","Population, female","SP.POP.TOTL.FE.IN","60825404","62431815","64102318","65841617","67648241","69525840","71467018","73467167","75538860","77685394","79896784","82141079","84462622","86914567","89488735","92201454","95028116","97983760","101080140","104389995","108176489","112152660","115965067","119602697","123245470","127138611","131173001","135319919","139557054","143840865","148251471","152738131","157195912","161632394","166079682","170654378","175358456","180104978","184916296","189713524","194668240","199826457","204914794","210055749","215386752","220804823","226380877","232373429","238553651","244780172","251089869","257279449","263193112","268840903","274497136","280153391","285736597","291483296","297416790","303419398","309619608","316035997","322505525","328947845","335351819","341794302",
"Indonesia","IDN","Population, female","SP.POP.TOTL.FE.IN","44356196","45602246","46890923","48223486","49610670","50920313","52185607","53561453","55029892","56570386","58147053","59743504","61355808","62988927","64630646","66283314","67955590","69640343","71350149","73085713","74833238","76585152","78349568","80127808","81903971","83641345","85316809","86961805","88608444","90255513","91878260","93485677","95085390","96685019","98296983","99910462","101533618","103165731","104779369","106338784","107846658","109328265","110795409","112246630","113651693","115090088","116600580","118126862","119646955","121150076","122663988","124217422","125802834","127353755","128844390","130285574","131680949","133024272","134314239","135572405","136741617","137726598","138760035","139934300","141080015","142193712",
"IDA only","IDX","Population, female","SP.POP.TOTL.FE.IN","134947255","138340400","141857793","145485351","149249448","153152467","157169561","161343015","165673698","170110211","174527172","178863213","183357064","188204104","193204652","198133146","203053998","207993008","213270190","218892242","224107964","229178902","234961300","241220316","247572351","254005404","260521307","267179615","273890113","280748867","287604830","294546524","302227166","310540494","318853202","327257630","335848114","344468510","353106734","361799801","370447699","379219370","388564870","398111567","407561044","417234383","427309617","437493416","447660150","458005607","468553791","479301034","490117036","500351266","511040572","522087033","533797022","545891854","558324449","571273449","584497518","597698542","610944391","624726968","638800099","653052504",
"Isle of Man","IMN","Population, female","SP.POP.TOTL.FE.IN","26446","26250","26372","26602","26832","27048","27348","27802","28323","28854","29400","29903","30331","30738","31140","31514","31885","32280","32685","33090","33492","33735","33761","33714","33648","33572","33700","34123","34635","35160","35695","36114","36358","36535","36706","36850","37074","37467","37902","38310","38677","39016","39359","39695","40010","40312","40641","41012","41399","41806","42229","42471","42468","42395","42289","42158","42102","42162","42252","42334","42401","42436","42457","42482","42494","42491",
"India","IND","Population, female","SP.POP.TOTL.FE.IN","211092581","216117378","221230333","226431783","231754961","237014373","242156119","247413578","252815543","258292595","264078808","269992683","276002298","282262492","288778155","295567220","302496346","309602024","316741771","324118284","331841028","339688106","347696492","355929052","364390704","373010476","381787999","390675317","399642401","408743410","417950642","427149608","436361801","445615493","454779606","463956344","473233111","482540305","491879889","501237652","510669298","520253493","529727319","538973038","548226047","557250128","566062902","574698451","583079198","591637549","600383478","609034769","617557834","625952834","634011081","641725761","649527205","657238304","664608905","671679248","678442228","684279793","689891756","696186332","702612364","709090076",
"Not classified","INX","Population, female","SP.POP.TOTL.FE.IN","","","","","","","","","","","","","","","","","","","","","","","","","","","","","","","","","","","","","","","","","","","","","","","","","","","","","","","","","","","","","","","","","","",
"Ireland","IRL","Population, female","SP.POP.TOTL.FE.IN","1405864","1404883","1411023","1419311","1426236","1431757","1437653","1444424","1450906","1459643","1472238","1489609","1511578","1535687","1561039","1586599","1610405","1632042","1655368","1678204","1698426","1719499","1737471","1751499","1763863","1768341","1771234","1774179","1770187","1765432","1766871","1776360","1788165","1797310","1805688","1816345","1831234","1849726","1868719","1889328","1913692","1944105","1977922","2010035","2043982","2083670","2135856","2198952","2249477","2278401","2295194","2308538","2320692","2334083","2353093","2375796","2405526","2437585","2472432","2511782","2544291","2580285","2631855","2682065","2724772","2769497",
"Iran, Islamic Rep.","IRN","Population, female","SP.POP.TOTL.FE.IN","10474607","10787892","11113817","11453564","11809208","12179147","12557872","12940645","13329559","13733785","14156552","14585167","15017661","15463265","15927628","16408804","16903295","17433085","18009890","18642493","19341454","20318317","21369920","22259196","23154832","24058249","25007217","25976166","26880310","27716419","28564021","29377163","29987187","30108208","30179140","30534252","30885305","31278660","31733648","32211278","32712430","33243332","33534838","33857351","34474780","35127806","35784004","36353620","36851824","37360912","37876259","38388918","38897177","39418027","39957543","40510047","41102691","41709478","42256203","42726607","43070948","43449371","43995100","44547105","45035681","45470197",
"Iraq","IRQ","Population, female","SP.POP.TOTL.FE.IN","3558369","3646523","3757709","3885901","4017668","4154617","4296583","4443441","4595978","4754362","4919193","5088287","5262044","5442330","5627093","5815156","6005658","6204356","6412535","6618024","6829920","7045376","7256451","7484870","7731165","7928138","8134107","8368267","8574812","8813128","8925147","9019543","9285390","9734260","10201927","10540759","10873301","11204708","11551529","11919971","12305971","12684988","13081457","13474234","13860573","14275710","14382071","14272718","14562433","15099407","15582388","16129095","16864303","17666428","18288461","18781431","19229196","19659150","20113665","20564177","21017026","21484495","21971026","22459934","22930934","23407475",
"Iceland","ISL","Population, female","SP.POP.TOTL.FE.IN","86890","88554","90191","91789","93454","95105","96712","98248","99570","100521","101072","101922","103454","105029","106445","107844","108975","109849","110770","111891","113126","114460","116013","117650","119010","120029","120997","122358","124283","125856","126900","128466","130142","131460","132612","133378","134156","135304","136794","138515","140449","142320","143669","144690","145801","147563","149911","152847","155948","157515","158087","158850","159840","161412","163159","164612","166317","169113","172530","175702","178499","181612","186312","188204","188596","191342",
"Israel","ISR","Population, female","SP.POP.TOTL.FE.IN","1050625","1087518","1142301","1185743","1234149","1278739","1312532","1371372","1401287","1439313","1488944","1537625","1577969","1643358","1693007","1732177","1771412","1811575","1850215","1898356","1944440","1983358","2020692","2057404","2084083","2121472","2155321","2191170","2228330","2267055","2341741","2492760","2584323","2656269","2728453","2805700","2882075","2954703","3022806","3100892","3184112","3260058","3326164","3386157","3445746","3506274","3568060","3631263","3695533","3783616","3852012","3922619","3994355","4068172","4145522","4227067","4308954","4390853","4473540","4556931","4635463","4711795","4802918","4947110","5021989","5080550",
"Italy","ITA","Population, female","SP.POP.TOTL.FE.IN","25854321","26037309","26213742","26397921","26606982","26822075","27022122","27209535","27373131","27521511","27660059","27780855","27936577","28129437","28317400","28491996","28641136","28771270","28884157","28979114","29014800","29019775","29044229","29060439","29072362","29085903","29091915","29098645","29117007","29145227","29176825","29204435","29231360","29255045","29299642","29308320","29292045","29313897","29332435","29348471","29367261","29386732","29440859","29589710","29795574","29958734","30077038","30265148","30506153","30690734","30837629","30951053","31025673","31069962","31061326","30994398","30899970","30797456","30693156","30598198","30440455","30270742","30199743","30173430","30139602","30100972",
"Jamaica","JAM","Population, female","SP.POP.TOTL.FE.IN","865120","875822","886701","897787","908977","919716","929777","939368","948727","958381","968950","981290","995211","1009940","1024588","1038377","1051397","1063618","1075331","1087192","1099707","1113117","1127393","1142097","1156249","1168681","1178890","1187222","1194681","1202197","1210580","1220434","1231390","1242786","1254318","1265771","1277006","1287856","1298056","1307431","1315883","1323694","1331375","1339076","1346663","1354009","1361013","1367566","1373679","1379567","1385522","1391605","1397653","1403326","1408405","1412886","1416735","1419911","1422449","1424516","1428803","1432859","1434156","1435044","1435209","1434537",
"Jordan","JOR","Population, female","SP.POP.TOTL.FE.IN","416618","438252","459326","480983","505933","537153","575745","621106","670561","719668","764630","803657","837380","868187","897794","926816","955481","985000","1016399","1050617","1089726","1134210","1183616","1237416","1294659","1355153","1419070","1486368","1557487","1634171","1748319","1867358","1960127","2056432","2151280","2239086","2316807","2385205","2447659","2507606","2566716","2626237","2687798","2752823","2823647","2897267","3091287","3286508","3367884","3444100","3521929","3613274","3667596","3858787","4233773","4592790","4818359","4931641","5045110","5149737","5246935","5348302","5443973","5535962","5595499","5586195",
"Japan","JPN","Population, female","SP.POP.TOTL.FE.IN","47910400","48318272","48735254","49192294","49660943","50160696","50569196","51036714","51564917","52122429","52672818","53763949","54429051","55137833","55839347","56534759","57129496","57669974","58183173","58664997","59115621","59541313","59958560","60381938","60781222","61170209","61502428","61805060","62068929","62325474","62540252","62799381","63053775","63279209","63475938","63644610","63808817","63981852","64179979","64323297","64456816","64640533","64822824","64995852","65053202","65097836","65176401","65284228","65349533","65375446","65420292","65320207","65226549","65143330","65067427","65002478","64970302","64922313","64844638","64757100","64578063","64301379","64036315","63745563","63495351","63215259",
"Kazakhstan","KAZ","Population, female","SP.POP.TOTL.FE.IN","4877438","5037803","5200592","5364339","5525436","5681809","5834856","5987840","6140623","6284674","6421638","6559940","6698680","6831923","6960087","7088035","7247727","7442494","7639472","7820631","7947333","8033471","8118250","8203479","8290580","8380296","8489115","8613358","8735246","8840007","8915103","8974408","9000214","8972080","8860336","8709193","8564062","8397657","8221769","8139609","8164887","8202687","8244180","8288097","8334002","8386536","8448373","8517346","8589229","8677795","8788190","8905894","9027978","9154127","9283946","9417021","9555241","9697480","9821316","9926312","10029218","10142525","10286157","10433061","10562665","10686969",
"Kenya","KEN","Population, female","SP.POP.TOTL.FE.IN","3880288","4029597","4188337","4355549","4531118","4716045","4908385","5107279","5313357","5525950","5742572","5954772","6165640","6382455","6602662","6826075","7051644","7289894","7545276","7811266","8092788","8386804","8691543","9013931","9350455","9696194","10048481","10408262","10781224","11165451","11555092","11933896","12303740","12672649","13043128","13414610","13783439","14158816","14548472","14967573","15418253","15901998","16403122","16910139","17436596","17974283","18524857","19089073","19673023","20273467","20868243","21449706","22017274","22570013","23107082","23631929","24163397","24698357","25211388","25717437","26233737","26746066","27271918","27821991","28376872","28935937",
"Kyrgyz Republic","KGZ","Population, female","SP.POP.TOTL.FE.IN","1129743","1172355","1211612","1252187","1293354","1332610","1373908","1414761","1455886","1494248","1526703","1557771","1590655","1623395","1658474","1692709","1725726","1758044","1789229","1821293","1853659","1887562","1923979","1963041","2007495","2056246","2107036","2159703","2211294","2263638","2304616","2339078","2362919","2362129","2360559","2384755","2423199","2462699","2505882","2545231","2571791","2590589","2608446","2629444","2654635","2677542","2693276","2700438","2707997","2733485","2769380","2805243","2853053","2911301","2972469","3037791","3106701","3177151","3250772","3326680","3397273","3462155","3526047","3589460","3651805","3713841",
"Cambodia","KHM","Population, female","SP.POP.TOTL.FE.IN","2714524","2774561","2837311","2899636","2960870","3023700","3088023","3154110","3221845","3291151","3317392","3325385","3368689","3418072","3456091","3387770","3199928","2986818","2780217","2736219","2796660","2839163","2915395","3015525","3120143","3219643","3337435","3465931","3588580","3714131","3854159","3999150","4205706","4455302","4778648","5194372","5611548","6022151","6277180","6376733","6469499","6561919","6654774","6747258","6838464","6929540","7022477","7116384","7215495","7323650","7434752","7544936","7655647","7767876","7880958","7994071","8108585","8218871","8320127","8423919","8544837","8667395","8779871","8889929","8995814","9098347",
"Kiribati","KIR","Population, female","SP.POP.TOTL.FE.IN","23919","24476","25059","25661","26286","26936","27436","27752","28044","28490","29101","29710","30309","30871","31059","30886","30667","30418","30169","30325","30844","31351","31884","32428","32983","33632","34438","35325","36226","37140","38070","38885","39551","40183","40809","41446","42179","42993","43801","44588","45376","46273","47256","48218","49191","50195","51226","52293","53408","54566","55742","56816","57765","58681","59568","60448","61357","62288","63225","64170","65240","66336","67337","68299","69239","70182",
"St. Kitts and Nevis","KNA","Population, female","SP.POP.TOTL.FE.IN","30167","29843","29312","28707","28056","27371","26667","25945","25190","24363","23730","23454","23298","23159","23029","22906","22790","22677","22554","22413","22276","22146","22011","21863","21703","21533","21354","21168","20974","20772","20556","20471","20616","20851","21093","21346","21601","21856","22118","22396","22699","22948","23096","23205","23312","23415","23522","23634","23746","23832","23847","23901","23995","24049","24097","24139","24182","24219","24250","24271","24281","24280","24294","24350","24420","24488",
"Korea, Rep.","KOR","Population, female","SP.POP.TOTL.FE.IN","12424590","12794692","13155608","13514518","13859391","14203794","14563365","14915349","15273668","15631524","15984098","16298325","16590885","16869020","17139000","17409662","17686328","17972372","18255372","18541743","18838388","19141240","19447090","19740997","19988269","20183877","20372069","20551631","20729454","20908064","21087370","21278910","21489845","21693550","21893995","22096688","22296932","22502669","22660480","22814434","22997701","23182077","23337758","23478625","23590329","23659789","23802065","23936252","24130969","24266215","24400303","24630672","24827586","25006867","25229622","25422636","25559742","25648624","25776777","25883574","25943918","25932664","25886778","25898790","25920219","25901005",
"Kuwait","KWT","Population, female","SP.POP.TOTL.FE.IN","125414","138214","152941","169506","187240","206141","228747","255478","284215","314014","342913","370263","397462","425662","455527","488228","519223","547306","576422","606145","635964","667802","702327","738038","772197","805461","841693","880260","919303","958747","731821","591225","717154","729158","715183","714479","730688","751573","772050","792078","811579","830438","848502","865578","881419","916104","979027","1050716","1122544","1194480","1267607","1347532","1424773","1488294","1537867","1581814","1616271","1633218","1661368","1702228","1718722","1715490","1787462","1885194","1904395","1893866",
"Latin America & Caribbean (excluding high income)","LAC","Population, female","SP.POP.TOTL.FE.IN","100389999","103280407","106254267","109300856","112412793","115578111","118783362","122022861","125295010","128600397","131924583","135284413","138701382","142173192","145693155","149244011","152825778","156469211","160186409","163949425","167750486","171591600","175486213","179444911","183437891","187428051","191404829","195380086","199370834","203366271","207363648","211321177","215256156","219174302","223054014","226923466","230763152","234580102","238407338","242205305","245902510","249478142","252958417","256362853","259699462","262992730","266246305","269477200","272695863","275881912","279005945","282127395","285257175","288349202","291404077","294397973","297314466","300109931","302737031","305229083","307536243","309549354","311600846","313883201","316169167","318379847",
"Lao PDR","LAO","Population, female","SP.POP.TOTL.FE.IN","1072624","1096926","1121860","1147443","1173645","1200637","1228391","1256942","1286439","1316852","1348296","1380797","1414307","1448686","1482711","1514545","1543189","1569200","1594544","1621660","1652572","1688166","1728377","1772319","1819160","1868655","1920438","1974319","2030316","2088117","2147298","2207563","2268503","2329912","2390747","2449678","2506702","2558791","2605921","2651224","2695526","2739877","2783965","2827133","2868919","2913008","2960074","3006870","3053505","3100029","3146401","3192626","3238772","3284858","3330640","3379800","3433343","3488005","3542958","3597824","3652811","3706725","3759858","3813122","3865785","3917638",
"Lebanon","LBN","Population, female","SP.POP.TOTL.FE.IN","891541","918770","947841","977517","1006961","1035492","1064649","1093355","1122637","1152982","1181423","1210960","1242064","1273052","1303570","1334140","1357029","1379582","1410560","1441401","1473407","1506431","1532446","1556311","1587652","1622415","1666400","1710606","1745815","1782493","1819506","1856837","1894956","1930573","1964241","1998912","2035234","2071409","2107262","2143743","2180302","2216142","2246494","2277086","2313626","2349246","2389351","2436001","2476494","2509714","2533724","2560422","2629673","2883580","3185391","3254458","3193228","3125693","3051907","2971467","2932378","2940407","2953396","2966891","2982328","3003391",
"Liberia","LBR","Population, female","SP.POP.TOTL.FE.IN","554173","568721","583846","599513","615669","632375","649500","667043","685117","703686","722754","741974","761766","782699","804532","827241","850735","875615","902106","929692","958318","987449","1016829","1048093","1081411","1115326","1149661","1184382","1219719","1255804","1112502","982784","1041773","1084262","1082699","1093373","1125960","1217629","1347535","1424164","1477860","1521621","1561355","1573758","1592441","1664560","1759608","1848761","1924561","1985235","2042782","2123447","2198796","2246764","2293149","2340059","2387475","2433455","2480673","2529495","2581798","2636157","2692480","2751688","2810925","2869500",
"Libya","LBY","Population, female","SP.POP.TOTL.FE.IN","732334","762500","794251","827099","858016","882354","903340","926606","952944","983217","1017282","1052563","1088481","1133514","1189965","1251930","1318430","1389658","1465657","1546243","1630908","1718398","1741037","1690622","1692609","1753161","1811292","1866953","1920801","1973323","2024513","2074181","2122218","2168573","2213207","2256186","2297597","2337858","2377831","2418457","2472655","2541470","2613396","2688483","2766731","2847255","2917165","2977731","3041107","3104890","3169159","3092139","3011504","3075010","3137889","3192878","3246011","3300758","3356095","3408223","3457415","3504230","3549925","3591018","3628053","3666852",
"St. Lucia","LCA","Population, female","SP.POP.TOTL.FE.IN","48312","48726","49201","49676","50135","50594","51111","51725","52396","53086","53760","54428","55118","55831","56581","57377","58204","58960","59632","60300","61072","61978","62912","63862","64849","65878","66908","67888","68702","69335","69888","70649","71686","72731","73800","74945","76037","77070","78058","78987","79883","80649","81311","81945","82547","83130","83701","84185","84577","84969","85449","85954","86404","86853","87303","87759","88199","88629","89056","89470","89863","90113","90348","90686","91001","91291",
"Latin America & Caribbean","LCN","Population, female","SP.POP.TOTL.FE.IN","109181823","112262985","115432993","118681141","121990523","125348127","128739331","132157318","135604960","139085248","142585955","146127972","149731361","153395079","157107305","160847973","164616626","168442357","172342518","176286896","180271732","184295004","188373551","192519678","196703389","200888125","205062807","209238874","213433834","217636658","221847807","226020950","230173322","234312712","238413118","242501035","246561148","250589484","254615826","258606158","262483845","266232862","269881653","273448972","276944929","280365821","283768266","287146652","290516217","293853331","297132347","300400834","303676186","306916255","310114944","313255302","316331611","319311443","322117405","324837421","327279638","329376840","331499844","333875418","336261363","338555446",
"Least developed countries: UN classification","LDC","Population, female","SP.POP.TOTL.FE.IN","122297994","125259084","128343180","131524739","134829955","138262935","141795613","145471136","149293471","153215417","157130560","160989122","165018714","169402138","173927673","178370438","182792128","187216283","191962914","197044936","201732086","206287447","211566410","217339967","223242471","229206907","235181309","241272366","247412240","253709114","260061147","266493916","273633603","281431281","289231246","297079506","305083482","313130001","321270154","329445215","337508786","345736561","354584329","363657775","372625470","381821715","391263741","400619072","410215090","420191234","430296763","440664544","451327235","462271330","473422710","484657741","496219365","508039558","520063161","532458956","545184562","557895450","570649635","583910965","597501243","611339871",
"Low income","LIC","Population, female","SP.POP.TOTL.FE.IN","68276282","69894414","71572874","73319336","75149211","77055606","79021853","81085018","83244529","85450781","87716170","90029012","92351821","94784887","97317712","99870733","102481011","105070349","107931163","110929014","113371577","115572760","118343280","121530299","124807129","128147196","131493679","134976283","138547568","142271146","145979102","149754992","154179133","159135622","163911153","168635021","173596369","178535367","183598643","188852907","193972880","199223932","205091443","211197591","217247995","223528727","230206215","236989998","243794615","250775702","257902208","265143660","272332924","279252792","286174647","293371308","301123954","309378489","318109369","327294335","336636069","345882826","355130373","364837100","374812940","384948694",
"Liechtenstein","LIE","Population, female","SP.POP.TOTL.FE.IN","8424","8635","8908","9223","9544","9746","9932","10196","10522","10639","10641","10867","11145","11482","11822","12028","12137","12322","12618","12897","12862","12935","13223","13320","13394","13532","13710","13867","14052","14218","14420","14656","14878","15124","15328","15491","15637","15757","16000","16304","16536","16830","17099","17296","17469","17618","17752","17850","17934","18044","18183","18337","18505","18654","18764","18877","19001","19137","19283","19436","19601","19737","19886","20056","20353","20634",
"Sri Lanka","LKA","Population, female","SP.POP.TOTL.FE.IN","4566552","4690546","4817581","4948021","5082000","5218637","5357019","5498608","5642837","5786507","5927883","6065355","6199187","6330127","6457834","6584958","6714302","6845975","6981583","7121439","7260792","7391889","7491386","7549315","7583749","7643805","7747100","7850303","7942750","8041355","8107291","8181802","8326829","8482369","8619165","8774765","8956318","9139189","9324634","9510762","9696396","9863354","9985021","10079929","10169173","10254513","10344264","10437686","10531352","10622449","10710896","10799994","10894417","10596380","10698581","10800570","10926762","11055587","11170638","11242045","11304243","11429255","11445125","11373412","11312992","11231930",
"Lower middle income","LMC","Population, female","SP.POP.TOTL.FE.IN","369906999","379055597","388440191","398053020","407925455","417886978","427884560","438160370","448743057","459551217","470686218","481892397","493467617","505698020","518363861","531368517","544556309","558108974","571942351","586460676","602016716","618048748","634301701","650777870","667586805","684837286","702416356","720212520","738171355","756331715","775810372","794398240","812930503","831561312","850282672","869248504","888352601","907596297","926919672","946179565","965681835","985512879","1005182262","1024711053","1044447071","1064057042","1083626167","1103452641","1123195951","1143194382","1163565915","1183925839","1204129857","1224270745","1244199758","1263576196","1282860669","1301883584","1320298129","1338471453","1356837645","1374614701","1392496894","1411449208","1430551996","1449661013",
"Low & middle income","LMY","Population, female","SP.POP.TOTL.FE.IN","1043498022","1058575405","1080038220","1107425567","1135035928","1163158783","1193090600","1223091784","1254011422","1286091961","1318922925","1352137519","1384887870","1417994485","1451002185","1483410684","1515528769","1547497113","1580162425","1613738837","1647723852","1682570362","1719412556","1756890347","1794382046","1832641453","1871910152","1912232885","1952835405","1993386735","2034724564","2074388784","2113955247","2153048346","2191913422","2231204321","2270634381","2309881041","2348728935","2387130301","2425145213","2463026923","2500627560","2537979922","2575497986","2613103929","2650945828","2688639143","2726951028","2765798869","2804986403","2844726354","2885429398","2925771729","2966011094","3005490350","3045051639","3085013149","3124101247","3162281961","3199188626","3233601946","3265774537","3298858934","3333902148","3369086176",
"Lesotho","LSO","Population, female","SP.POP.TOTL.FE.IN","410163","421985","434194","446724","459533","472656","488558","504311","517506","531104","545145","559671","574714","590297","606547","623670","641371","659351","677878","697097","716958","737417","758449","780024","802097","824629","848157","869939","889042","907708","925699","942913","959250","974414","988289","1001056","1012415","1020866","1026133","1028936","1029343","1027816","1024684","1019767","1012751","1003737","999590","1003781","1010827","1018339","1026321","1035525","1046041","1057384","1069400","1081880","1094950","1108385","1121713","1134699","1147923","1160865","1173128","1185745","1198531","1211158",
"Late-demographic dividend","LTE","Population, female","SP.POP.TOTL.FE.IN","548064895","549347002","556588134","569399823","582005230","594960361","609222999","623077002","637302804","652271984","667636780","683281710","698033330","712330349","725946747","738506909","750410670","761653517","772914134","784131422","795144656","806341310","818502430","830623985","842328907","854382824","867092384","880411414","893758791","906740673","918751014","930210273","941199365","951547030","961650413","971528573","981190177","990677393","999873662","1008480451","1016324188","1023716436","1030611235","1037284215","1043835272","1050336455","1056950224","1063623281","1070371756","1076929283","1082924659","1089453840","1097176514","1104718020","1112535564","1119834229","1127022899","1134503540","1140888188","1146357348","1150472041","1153075803","1155304629","1157101888","1158956998","1160285565",
"Lithuania","LTU","Population, female","SP.POP.TOTL.FE.IN","1497823","1518848","1537169","1553449","1570260","1587023","1604025","1621253","1637643","1650903","1666461","1685907","1702947","1718125","1732772","1746718","1760354","1773716","1786208","1795620","1803508","1813681","1826321","1840726","1855491","1871062","1888079","1906362","1925370","1940312","1948011","1951659","1950169","1942407","1931354","1919229","1907448","1895973","1884351","1872985","1862057","1849114","1836042","1822531","1803619","1776890","1752045","1734011","1717728","1701064","1668541","1632755","1612340","1597249","1583993","1570463","1552412","1531533","1514811","1503471","1494406","1488262","1498514","1517536","1525019","1524547",
"Luxembourg","LUX","Population, female","SP.POP.TOTL.FE.IN","158813","160406","162523","164337","166270","168294","169673","170367","170890","171833","172847","174383","176073","177934","180465","182593","183671","184182","184704","185371","186293","187086","187537","187828","188056","188403","189218","190295","191429","192941","194899","197108","199518","202126","204903","207864","210690","213219","215621","218251","221258","224033","226305","228800","231671","235021","238667","242252","246375","250598","254867","260100","265852","271615","277781","284010","289817","296729","302293","308152","313203","317795","324321","331083","336249","341071",
"Latvia","LVA","Population, female","SP.POP.TOTL.FE.IN","1183662","1197472","1209602","1222005","1234904","1245559","1251809","1258361","1267341","1275062","1281906","1289147","1297247","1306976","1317435","1326923","1334876","1341960","1348522","1352914","1355615","1359171","1364777","1371857","1379394","1387277","1396933","1409321","1421681","1427325","1424501","1418016","1400839","1376418","1356122","1338851","1324736","1311969","1299805","1289658","1278039","1262964","1250013","1238636","1225136","1211961","1200577","1189978","1177515","1159916","1138157","1118395","1103724","1090947","1079758","1069877","1059653","1049671","1039977","1030973","1022507","1013110","1009582","1011196","1000983","990297",
"Macao SAR, China","MAC","Population, female","SP.POP.TOTL.FE.IN","87825","88172","90243","92235","112411","130862","129437","128089","126737","125284","126113","120906","119013","123726","129553","126373","123137","119974","118003","117806","118487","120480","125951","134044","141630","145882","149875","156104","161471","166797","172485","181621","191884","198841","205666","212357","215592","216976","219827","222754","224705","226673","229178","231977","237854","247761","261146","272765","283194","280266","281407","288251","298420","311780","328247","340237","346139","344767","351125","358919","366920","366127","364046","365681","370628","370199",
"St. Martin (French part)","MAF","Population, female","SP.POP.TOTL.FE.IN","2173","2242","2311","2381","2457","2541","2647","2774","2884","2972","3062","3156","3249","3344","3450","3567","3693","3819","3936","4044","4149","4247","4724","5678","6758","7899","9089","10320","11597","12902","13794","14154","14382","14569","14720","14836","14911","14940","14915","15076","15498","15967","16436","16904","17365","17817","18257","18670","19051","19392","19606","19715","19832","19914","19919","19864","19762","19592","19078","17899","16650","15912","15336","14658","13979","13394",
"Morocco","MAR","Population, female","SP.POP.TOTL.FE.IN","5824975","5975316","6133634","6292874","6450551","6617561","6793264","6975453","7161854","7351503","7545474","7740622","7938754","8142370","8349271","8560719","8775638","8997739","9228971","9467703","9718479","9979764","10246912","10515769","10779914","11038197","11280931","11508180","11732082","11952566","12171780","12385024","12593605","12796952","12992856","13191770","13391882","13588946","13786803","13982606","14172714","14359470","14542493","14721807","14909974","15109724","15308662","15507663","15708433","15910203","16118402","16332477","16546127","16755079","16956154","17149154","17351000","17558322","17748489","17926376","18112440","18301045","18491547","18689276","18879151","19058691",
"Monaco","MCO","Population, female","SP.POP.TOTL.FE.IN","12014","12049","12131","12283","12428","12551","12640","12684","12785","12979","13176","13347","13487","13592","13670","13791","13969","14134","14280","14404","14498","14565","14675","14846","15021","15182","15338","15492","15636","15769","15890","16004","16111","16214","16313","16408","16499","16586","16653","16695","16697","16682","16668","16645","16610","16558","16474","16354","16343","16599","16988","17369","17743","18103","18437","18749","19012","19222","19459","19448","19426","19652","19859","19887","19731","19590",
"Moldova","MDA","Population, female","SP.POP.TOTL.FE.IN","1116615","1140294","1163410","1185541","1206493","1226601","1246399","1265875","1285194","1304606","1319684","1330420","1341746","1354119","1367562","1381810","1396557","1411602","1426799","1438648","1450013","1464312","1478765","1494004","1510056","1526748","1544639","1563153","1581557","1592678","1595484","1596327","1595258","1592183","1587101","1579965","1577208","1572036","1572245","1570823","1568885","1566624","1564225","1561153","1558299","1553975","1548038","1543047","1538918","1535993","1533647","1532014","1531023","1529777","1529419","1519685","1503935","1479894","1455601","1433899","1419764","1399856","1364474","1326593","1296968","1274954",
"Madagascar","MDG","Population, female","SP.POP.TOTL.FE.IN","2507421","2575789","2645508","2716718","2789706","2864912","2943136","3024895","3110559","3200306","3294454","3393337","3496366","3603309","3714351","3829407","3948396","4071392","4198539","4329816","4464529","4601659","4741887","4885315","5031486","5181180","5333587","5489700","5652158","5821474","5998166","6182208","6372988","6572217","6781396","7001049","7231579","7472039","7721266","7976435","8233558","8490810","8748266","9008303","9274831","9550557","9835364","10128399","10430225","10741029","11057955","11376286","11695225","12017445","12343710","12673530","13008607","13351165","13702719","14063352","14429564","14797988","15170358","15549002","15932427","16318887",
"Maldives","MDV","Population, female","SP.POP.TOTL.FE.IN","41433","42636","43882","45156","46439","48123","50188","52065","53697","55285","56953","58699","60504","62340","64247","66309","68502","70725","72837","74894","77067","79335","81647","83951","86362","89284","92694","96204","99626","102975","106475","110028","113384","116481","119346","122154","124890","127425","129762","131925","134089","136375","138692","140981","143255","145538","147909","150442","153142","155998","159002","162127","165320","168512","171767","175321","179029","182607","186071","189425","192637","195678","197920","199376","200994","202826",
"Middle East, North Africa, Afghanistan & Pakistan","MEA","Population, female","SP.POP.TOTL.FE.IN","76528106","78545527","80635200","82802162","85050168","87364293","89796097","92399945","95065645","97829725","100682051","103565754","106518390","109633671","112857064","116271699","119865242","123566683","127408782","131423810","135660293","140011686","144482643","149197057","154178591","159305146","164490497","169769756","175079710","180470765","186589056","191915468","197619551","203173683","208537666","213854652","219163764","224519133","229969414","235521553","240985020","246474587","252076070","257831687","263785822","269911871","276275074","282744440","289417962","296304514","302596843","309392282","316064758","322698402","328952826","335236526","341300483","347255834","353284694","359678364","366613091","372532911","379736173","387401678","394975147","402217074",
"Mexico","MEX","Population, female","SP.POP.TOTL.FE.IN","18361133","18943958","19562173","20208152","20881602","21583658","22312199","23064578","23836548","24620795","25412202","26210603","27019300","27839319","28669381","29505523","30342786","31180517","32023114","32866764","33702828","34538832","35378903","36217606","37054511","37891290","38730664","39574319","40421903","41266637","42111877","42962984","43814602","44664821","45513846","46361119","47200873","48029166","48849958","49664369","50465710","51234745","51975645","52706226","53428954","54151768","54885582","55655575","56463306","57284985","58110700","58938429","59751889","60547316","61307925","62006294","62658212","63292732","63932674","64578493","65163578","65668355","66211396","66813627","67401427","67964083",
"Marshall Islands","MHL","Population, female","SP.POP.TOTL.FE.IN","7141","7396","7667","7937","8210","8489","8749","9064","9534","10075","10570","11014","11424","11810","12214","12649","13087","13530","13979","14442","14960","15572","16249","16948","17669","18411","19170","19938","20671","21283","21792","22252","22649","22992","23293","23561","23800","24023","24235","24471","24722","24930","25079","25185","25264","25326","25372","25392","25396","25397","25393","25299","25049","24689","24258","23775","23248","22678","22076","21457","20830","20174","19538","18924","18311","17721",
"Middle income","MIC","Population, female","SP.POP.TOTL.FE.IN","975221740","988680991","1008465346","1034106231","1059886717","1086103177","1114068747","1142006766","1170766893","1200641180","1231206755","1262108507","1292536049","1323209598","1353684473","1383539951","1413047758","1442426764","1472231262","1502809823","1534352275","1566997602","1601069276","1635360048","1669574917","1704494257","1740416473","1777256602","1814287837","1851115589","1888745462","1924633792","1959776114","1993912724","2028002269","2062569300","2097038012","2131345674","2165130292","2198277394","2231172333","2263802991","2295536117","2326782331","2358249991","2389575202","2420739613","2451649145","2483156413","2515023167","2547084195","2579582694","2613096474","2646518937","2679836447","2712119042","2743927685","2775634660","2805991878","2834987626","2862552557","2887719120","2910644164","2934021834","2959089208","2984137482",
"North Macedonia","MKD","Population, female","SP.POP.TOTL.FE.IN","736341","746729","755705","764891","776102","787526","799478","811844","824627","837678","850895","863878","876626","889611","902815","916222","929790","943084","956000","968926","981793","994412","1004851","1012775","1020192","1027425","1034318","1041114","1047966","1054436","1060152","1056430","1043134","1029047","1022927","1027481","1034523","1026075","1031154","1034751","1037158","1039321","1030683","1031735","1028070","1022219","1016331","1010297","1004188","997455","990857","986093","981965","978108","975849","974197","972195","969538","965958","960785","952111","943403","940844","938871","936853","934812",
"Mali","MLI","Population, female","SP.POP.TOTL.FE.IN","2678858","2721225","2764539","2808365","2852441","2897349","2942869","2989230","3037224","3086522","3137705","3190086","3244517","3302687","3363178","3424941","3486964","3551551","3620008","3691617","3767945","3847819","3930334","4016438","4102734","4185003","4262376","4336094","4410971","4491824","4578544","4667423","4759477","4856784","4959740","5065974","5173918","5290502","5424124","5575062","5737325","5909662","6093816","6288731","6494167","6709172","6931841","7162660","7401265","7645590","7897180","8155875","8396820","8645339","8922879","9206403","9502542","9810309","10121898","10432310","10752863","11088185","11428053","11774460","12127823","12487184",
"Malta","MLT","Population, female","SP.POP.TOTL.FE.IN","172623","171874","171113","170360","169645","168343","166458","164575","162508","160285","159101","158835","158436","158024","157599","158416","158870","159128","160422","161690","163030","163879","167083","169106","168813","171523","174231","175313","176624","178229","179865","184659","186466","188220","189870","191087","192228","193575","194721","195755","196929","198347","199735","200953","202203","203371","204042","204725","206010","207507","208468","209284","210896","212802","216480","221167","225873","231398","238037","245181","248546","249130","255406","265910","273622","278675",
"Myanmar","MMR","Population, female","SP.POP.TOTL.FE.IN","10857869","11096837","11342642","11595512","11855734","12124770","12400881","12683560","12973038","13268548","13570461","13875453","14183573","14480079","14763521","15050535","15339465","15635819","15942423","16252257","16565316","16878786","17188635","17526407","17892614","18252693","18597721","18925627","19240447","19547599","19849262","20138532","20418314","20696557","20975528","21254140","21533474","21816119","22096737","22367693","22625338","22871764","23108711","23332039","23538696","23729138","23908031","24083115","24211401","24341747","24528751","24731987","24946550","25164590","25379693","25589467","25798842","26004364","26198925","26389410","26585323","26780850","26977460","27177563","27371250","27557101",
"Middle East, North Africa, Afghanistan & Pakistan (excluding high income)","MNA","Population, female","SP.POP.TOTL.FE.IN","73581078","75494308","77457166","79503970","81622673","83808056","86116273","88564204","91095928","93709944","96394258","99102318","101875572","104775291","107786563","110985364","114349438","117804600","121385478","125115631","129056876","133104835","137253189","141632090","146282087","151061643","155893949","160806142","165746145","170763473","176732750","181752742","186933881","192097716","197094969","202024928","206913671","211828351","216838880","221939313","226956530","232015495","237185349","242511820","248026228","253683449","259500907","265296336","271252609","277452500","283641759","289769913","295718378","301484830","307157471","312551475","317826502","323318605","329178334","335217987","341273586","347315970","353493537","360000606","366458590","372628432",
"Montenegro","MNE","Population, female","SP.POP.TOTL.FE.IN","254644","259989","265531","270746","274692","276709","276409","274193","271147","268796","268225","269569","272350","276190","280196","283658","286373","288583","290582","292774","295405","298630","302265","305911","309015","311189","312252","312367","311915","311464","311401","311914","312888","314051","315027","315573","315626","315324","314874","314564","314602","316469","318318","320045","320562","320604","320615","320697","320909","321266","321579","321863","322291","322793","323306","323716","324047","324382","324634","324836","324903","324278","323564","323484","323422","323108",
"Mongolia","MNG","Population, female","SP.POP.TOTL.FE.IN","494948","509938","525259","540049","554811","570570","587133","604096","621040","637688","654506","672117","690622","710030","730335","751493","773410","795790","817917","838953","859493","880511","902060","924265","947319","971437","996851","1023686","1051727","1076543","1063707","1097747","1099414","1098611","1111599","1130478","1149007","1166445","1183841","1201840","1217516","1230531","1244591","1258888","1271698","1284654","1299122","1315571","1335285","1358212","1381042","1405320","1433455","1463845","1495638","1526288","1555206","1582417","1608630","1634513","1663059","1692787","1719168","1744331","1767423","1790576",
"Northern Mariana Islands","MNP","Population, female","SP.POP.TOTL.FE.IN","4366","4493","4632","4790","4954","5120","5293","5349","5180","4915","4971","5465","6080","6643","6997","7186","7358","7516","7674","7833","8361","9396","10586","11806","13053","14320","15610","16916","18235","19559","20563","21150","21631","22112","22611","23544","25817","28971","32056","35060","36583","36159","35187","34140","33044","31912","30741","29542","28323","27093","26252","25913","25664","25375","25041","24667","24264","23828","23360","22858","22541","22262","21812","21345","20899","20507",
"Mozambique","MOZ","Population, female","SP.POP.TOTL.FE.IN","3441284","3500404","3563117","3629088","3697986","3770661","3846295","3924734","4006663","4091885","4182079","4286310","4412818","4557414","4714390","4884315","5066296","5269195","5495619","5729432","5894255","6007156","6133499","6256605","6381473","6507072","6626474","6657609","6645260","6694526","6785900","6913225","7042457","7262873","7764561","8236837","8504694","8740864","8948396","9158914","9371945","9591512","9817273","10049039","10286868","10532008","10785290","11047481","11325312","11623609","11938795","12272273","12622830","12985740","13359832","13744964","14144776","14562669","14992896","15432082","15887255","16353471","16832437","17327861","17829684","18330893",
"Mauritania","MRT","Population, female","SP.POP.TOTL.FE.IN","417560","428491","439996","452120","464900","478361","492539","507398","522889","538969","555554","572542","589896","607652","625847","644474","663559","682858","702396","722465","743130","764545","786685","809469","832940","857117","881925","907446","933787","957273","981537","1010266","1049229","1092065","1129351","1160351","1183162","1209474","1240985","1274396","1310145","1344326","1377262","1411787","1447904","1485854","1525823","1568037","1617201","1673470","1732348","1793729","1857075","1917417","1974744","2033597","2093955","2155804","2219146","2283919","2350013","2417259","2487363","2560475","2633669","2706263",
"Mauritius","MUS","Population, female","SP.POP.TOTL.FE.IN","333926","332222","340365","349177","358127","366632","374746","382493","389891","396984","403859","410597","417142","423542","430108","437108","444446","451987","458156","466384","474459","481621","487539","491962","496981","500842","504418","507873","511001","515003","519209","525353","532798","539629","547723","552948","559140","566690","573159","580935","587082","592138","596651","601370","605545","609538","612784","615980","618646","620780","622790","624316","626220","627580","628571","629286","629623","630114","630423","630676","630870","631390","630337","624534","623939","623563",
"Malawi","MWI","Population, female","SP.POP.TOTL.FE.IN","1883966","1928606","1974926","2022959","2072319","2122767","2174711","2228387","2283559","2339742","2397242","2456949","2519305","2584955","2654633","2728759","2808124","2895533","2995510","3108092","3230078","3359341","3494487","3634918","3779583","3927581","4074484","4274793","4512335","4728326","4916447","5067519","5214401","5287982","5223593","5212841","5313669","5418683","5534755","5667405","5810372","5957252","6109269","6268603","6437240","6615823","6803683","6999609","7202920","7413188","7629393","7850013","8074103","8302533","8535032","8769790","9008726","9252768","9500563","9753369","10011613","10272771","10537752","10809386","11088242","11372170",
"Malaysia","MYS","Population, female","SP.POP.TOTL.FE.IN","3904222","4013953","4126940","4242596","4360017","4478009","4595801","4711046","4824666","4940176","5059440","5183100","5309392","5438361","5570516","5705432","5843904","5986259","6132287","6281990","6454297","6651253","6856319","7070092","7292914","7525261","7764773","8007931","8252290","8495510","8738591","8978649","9211289","9442153","9678268","9920770","10167524","10416187","10667549","10918539","11169538","11427667","11690930","11954623","12218206","12482600","12748162","13013157","13274118","13527149","13766507","13988076","14203266","14423221","14648654","14882321","15125577","15374022","15620144","15854594","16067734","16273730","16491015","16716229","16939879","17156769",
"North America","NAC","Population, female","SP.POP.TOTL.FE.IN","100844011","102647378","104363771","106017521","107650121","109163868","110610679","111999799","113291419","114544998","116002493","117690716","118953859","120123066","121277374","122532865","123746792","125017047","126338671","127719313","128971690","130215347","131398344","132509402","133560776","134643529","135799402","136978157","138183947","139520534","141007123","142721312","144560192","146319553","147978761","149601639","151200641","152857162","154445990","156016249","157560743","159015563","160450672","161773534","163212625","164663625","166206085","167743300","169308793","170796978","172250893","173538681","174797753","176003993","177285571","178547234","179868576","181064568","182150872","183148609","183988070","184390475","185749204","187738216","189982463","191050332",
"Namibia","NAM","Population, female","SP.POP.TOTL.FE.IN","306726","313110","319968","327322","335158","343371","352006","361302","371148","381537","392507","403966","415986","428371","441202","454719","467672","480145","488449","496464","506328","512729","522490","536920","551953","568169","586023","605181","626833","667081","707630","731009","754242","778904","803924","828020","851098","873724","896460","919283","941359","961143","977710","991392","1003754","1016145","1029052","1042829","1057616","1073389","1090194","1109031","1133212","1161638","1190973","1221651","1253796","1287366","1322414","1358966","1398226","1439149","1478744","1515985","1550325","1582457",
"New Caledonia","NCL","Population, female","SP.POP.TOTL.FE.IN","37754","38997","40292","41577","42845","44136","45471","46859","48288","49919","52078","54642","57325","60126","63030","66005","68358","69749","70811","71846","72856","73837","74786","75918","77281","78656","80035","81457","82924","84736","86957","89307","91685","94043","96385","98734","101043","103379","105781","108183","110627","113087","115505","117888","120114","121958","123494","124952","126377","128021","130248","132857","135529","138252","140615","141835","142266","142624","142917","143249","143754","144458","145532","146908","148286","149630",
"Niger","NER","Population, female","SP.POP.TOTL.FE.IN","1838350","1887543","1938354","1990612","2044130","2098600","2154007","2210445","2267847","2326255","2385943","2446355","2508137","2572276","2638621","2707557","2779313","2854228","2933212","3016765","3104020","3193661","3285268","3379264","3475759","3575705","3679953","3788100","3899883","4015899","4137002","4262993","4394109","4531485","4676099","4829957","4990479","5155146","5328809","5511595","5702257","5902000","6110154","6327852","6556050","6794985","7044910","7306110","7578851","7863008","8158542","8465184","8788395","9122931","9464023","9819171","10185785","10554059","10923757","11297004","11675856","12062154","12460549","12877706","13307084","13742974",
"Nigeria","NGA","Population, female","SP.POP.TOTL.FE.IN","22739993","23222767","23725587","24244231","24778366","25330840","25895712","26466266","27056481","27672525","28311320","28972304","29667562","30411299","31214873","32088231","33012661","33993401","35032520","36112813","37241594","38389543","39541587","40566536","41596067","42763402","43918540","45079376","46269962","47497977","48760873","50034572","51336193","52683505","54066007","55485010","56931955","58405979","59914240","61470622","63095927","64790613","66543143","68354109","70225593","72156231","74144466","76197054","78316557","80497321","82748161","85069157","87430382","89806513","92182379","94518735","96848902","99196111","101480187","103695842","105897424","108111257","110366192","112676013","115005707","117350045",
"Nicaragua","NIC","Population, female","SP.POP.TOTL.FE.IN","895535","922465","950282","979088","1009000","1040276","1073075","1107379","1143039","1179838","1217697","1256618","1293782","1331955","1373995","1417129","1461362","1506698","1552446","1598247","1645174","1693006","1740789","1788529","1836014","1883163","1930192","1977312","2024940","2073250","2121956","2171007","2220071","2268755","2316848","2363921","2407857","2448271","2485819","2521573","2556681","2590128","2622060","2653489","2685352","2720776","2759751","2799352","2839398","2879778","2920563","2961712","3003180","3044801","3086390","3128020","3169776","3211621","3253688","3295694","3337270","3378214","3421642","3468026","3514183","3559745",
"Netherlands","NLD","Population, female","SP.POP.TOTL.FE.IN","5766415","5842232","5924125","6004440","6083628","6162295","6237597","6309712","6380477","6454505","6531528","6607949","6679144","6740947","6798658","6862464","6920118","6967104","7015671","7068714","7128769","7182747","7223968","7264070","7303255","7341624","7384828","7432866","7481646","7527986","7578922","7636110","7692651","7746040","7792124","7829806","7866506","7907633","7956014","8007933","8063018","8120703","8170465","8209680","8240727","8262888","8277687","8295948","8325911","8364852","8406115","8443871","8473616","8497136","8524757","8558068","8596978","8642657","8689741","8742188","8786981","8830353","8911982","8997851","9054381","9100258",
"Norway","NOR","Population, female","SP.POP.TOTL.FE.IN","1796883","1811210","1825866","1839822","1853726","1868240","1883867","1900262","1916584","1932814","1947635","1961795","1977179","1991749","2004797","2016689","2027095","2036641","2045487","2053376","2060876","2069123","2077771","2085418","2092287","2099286","2107211","2116858","2127360","2136209","2144308","2154526","2166485","2179446","2192154","2203674","2214882","2226513","2239099","2253541","2266754","2277141","2289125","2302271","2315355","2330270","2346792","2366421","2390873","2417866","2445506","2473269","2501224","2528278","2554241","2577299","2598195","2618168","2635137","2652072","2666588","2680009","2705700","2738460","2764080","2782665",
"Nepal","NPL","Population, female","SP.POP.TOTL.FE.IN","5053958","5146999","5243591","5342908","5445887","5553657","5665182","5780868","5901422","6025844","6154503","6285334","6418900","6556096","6696733","6842311","6991007","7146177","7309736","7478525","7652557","7830151","8011293","8199466","8391186","8583716","8777841","8971639","9169879","9381218","9611674","9862243","10144356","10428882","10699113","10968249","11227050","11477658","11720925","11957646","12185495","12405322","12619850","12827343","13022746","13204542","13371629","13525740","13670563","13806900","13936198","14043660","14128275","14206812","14294003","14403618","14505809","14581601","14660531","14813382","15024010","15234961","15370175","15415381","15450778","15487908",
"Nauru","NRU","Population, female","SP.POP.TOTL.FE.IN","1684","1727","1817","1944","2095","2257","2367","2426","2429","2408","2436","2472","2507","2542","2582","2630","2682","2791","2968","3165","3366","3575","3789","3958","4062","4147","4242","4341","4448","4559","4672","4775","4854","4893","4907","4918","4922","4925","4926","4917","4904","4890","4870","4864","4872","4880","4883","4886","4890","4900","4915","4936","5014","5137","5249","5351","5447","5532","5603","5660","5703","5745","5791","5827","5864","5907",
"New Zealand","NZL","Population, female","SP.POP.TOTL.FE.IN","1179755","1203601","1234835","1260563","1288128","1309897","1333914","1359371","1373782","1387733","1406773","1427862","1453508","1482346","1513905","1544050","1558364","1564212","1566046","1561521","1564724","1571768","1588612","1611373","1626723","1638334","1639338","1655297","1662261","1672827","1690167","1774919","1793159","1812845","1836376","1862580","1891854","1917991","1937473","1950215","1963950","1977014","2012009","2052299","2083952","2109061","2136388","2157509","2176421","2198405","2223259","2240700","2253155","2268561","2300564","2339847","2386056","2431027","2470956","2503769","2554404","2560391","2558221","2616994","2661614","2678081",
"OECD members","OED","Population, female","SP.POP.TOTL.FE.IN","414523087","420139332","425851850","431556594","437284154","442862598","448289046","453659166","458908580","464074530","469165930","475104747","480330194","485438370","490474000","495451785","500221974","505018919","509834802","514667400","519374936","524002244","528448235","532801162","536963444","541157893","545398365","549620878","554085365","558850733","563666619","568926424","574135554","579124471","583932007","588558127","593036482","597589745","601910696","606179393","610399807","614817421","619320336","623789441","628240392","632655138","637161086","641565884","646533449","651235517","655622731","658944677","662833731","666546357","670468208","674386963","678390995","682224705","686117840","689966191","692574035","693969371","697538346","702285722","706831600","709576147",
"Oman","OMN","Population, female","SP.POP.TOTL.FE.IN","265485","270421","275691","281337","287397","293898","300840","308243","316116","324464","333291","342614","352478","362927","375969","391584","408463","427274","447977","470430","494479","520346","548123","577494","608111","635330","658369","681091","703732","726411","749172","771892","794274","815944","837765","859615","880165","899280","917269","934533","951301","967665","983539","999041","1017347","1038539","1059782","1081241","1103174","1125939","1151336","1207861","1286652","1353467","1414512","1474119","1528405","1574349","1619100","1668759","1713756","1749460","1818526","1914778","1995709","2065724",
"Other small states","OSS","Population, female","SP.POP.TOTL.FE.IN","2737890","2773165","2819885","2868340","2917299","2964211","3007584","3048038","3089170","3132755","3180458","3233068","3288385","3343977","3397932","3455933","3519048","3585528","3652087","3719709","3787804","3852128","3915066","3977217","4039707","4107982","4180506","4255177","4332156","4414233","4501411","4590103","4626540","4651428","4690985","4722279","4774227","4837718","4902449","4910516","4925605","5009756","5094489","5159272","5207915","5259639","5317136","5377339","5438650","5497272","5553715","5605606","5659915","5713397","5768301","5826048","5882578","5942654","6006408","6070179","6130705","6189262","6266438","6329699","6385376","6437154",
"Pakistan","PAK","Population, female","SP.POP.TOTL.FE.IN","21061283","21639875","22229328","22847327","23497518","24177468","24887981","25633085","26409182","27213380","28045832","28882982","29747898","30668961","31628648","32635579","33700249","34826385","36015714","37352519","38996168","40749172","42389990","43955315","45442559","46990732","48659549","50399281","52175224","53954675","55815649","57717467","59485512","61240385","63081213","64975021","66923700","68873953","70836649","72822833","74915308","77047538","79032155","80988807","83048042","85106299","87212749","89618072","92123038","94570103","97004730","99266456","101238739","102956663","104568523","106099595","107541715","109126592","110970023","112921196","115047726","117358452","119632267","121773246","123835758","125904872",
"Panama","PAN","Population, female","SP.POP.TOTL.FE.IN","552668","569525","587177","605527","624438","643774","663493","683532","703831","724418","745390","766804","788553","810487","832572","854780","877054","899375","921777","944409","967408","990856","1014788","1039208","1064052","1089119","1114338","1139685","1165161","1190878","1217051","1243593","1270397","1297585","1325115","1352940","1381111","1409665","1438561","1467758","1497245","1527044","1557150","1587576","1618451","1649618","1680891","1712445","1744401","1776711","1809258","1842205","1875508","1908870","1942521","1976666","2011297","2046191","2080896","2114557","2144479","2171401","2199575","2228887","2257573","2285610",
"Peru","PER","Population, female","SP.POP.TOTL.FE.IN","5069366","5219654","5373406","5530414","5691457","5855952","6023874","6195301","6370588","6549823","6713184","6877050","7059213","7245882","7438143","7632743","7830035","8031364","8237944","8449574","8664918","8883846","9108086","9338758","9574998","9813615","10049354","10283222","10520771","10761392","11004228","11240128","11472726","11707447","11940818","12172488","12401098","12630183","12860213","13082451","13285707","13465601","13624024","13766969","13900209","14022214","14131003","14230899","14329716","14431219","14537705","14657126","14789402","14931654","15087792","15263951","15470938","15702729","15993822","16274450","16482005","16657801","16823640","17010174","17200284","17383431",
"Philippines","PHL","Population, female","SP.POP.TOTL.FE.IN","13827350","14266244","14720307","15184392","15656924","16136762","16621854","17113667","17612477","18114478","18609479","19072100","19533557","19993496","20452839","20945283","21486731","22070792","22677363","23296504","23921540","24562709","25249640","25993720","26755711","27494700","28218800","28982645","29774948","30538894","31327689","32084721","32847408","33639698","34394812","35167837","35983569","36836257","37746477","38696561","39617859","40490405","41327368","42162747","42998916","43816634","44591090","45398890","46229387","47090207","48044635","48977035","49910854","50832021","51672020","52476447","53242092","53999406","54754964","55506906","56175775","56681259","57115091","57580382","58059563","58535632",
"Palau","PLW","Population, female","SP.POP.TOTL.FE.IN","4626","4737","4856","4979","5101","5223","5343","5425","5462","5503","5592","5739","5894","6015","6065","6061","6041","6010","5977","5938","5906","5949","6056","6168","6290","6418","6543","6664","6787","6907","7048","7224","7406","7591","7781","7981","8174","8338","8482","8607","8714","8813","8914","9020","9134","9172","9097","8986","8870","8750","8624","8499","8379","8311","8289","8269","8255","8240","8216","8184","8176","8182","8180","8172","8165","8157",
"Papua New Guinea","PNG","Population, female","SP.POP.TOTL.FE.IN","940367","965582","988502","1010920","1032690","1054495","1077525","1101360","1125821","1151723","1178897","1207120","1236495","1266426","1296165","1325880","1355722","1385777","1416007","1446340","1476935","1507802","1539188","1571649","1605247","1639966","1675770","1712534","1750075","1790352","1840175","1903063","1975039","2051490","2130445","2211704","2295412","2381741","2469918","2560249","2652966","2746298","2840519","2936890","3035227","3135405","3237497","3341445","3447416","3555377","3665305","3775200","3883972","3992858","4101905","4210900","4319593","4427838","4535715","4643189","4747803","4848513","4946016","5041654","5137279","5232623",
"Poland","POL","Population, female","SP.POP.TOTL.FE.IN","15303552","15460573","15627529","15825768","16037342","16186558","16301422","16454057","16608200","16736108","16795302","16854198","16987186","17134372","17291012","17454106","17622202","17789639","17931244","18075777","18241870","18406460","18573654","18743682","18909056","19057380","19185810","19294355","19380804","19460863","19545221","19624057","19694510","19753446","19803188","19838897","19862106","19883107","19899397","19911197","19715929","19716651","19714178","19707720","19704390","19705143","19704948","19708889","19722079","19782008","19709311","19638978","19615919","19601840","19584440","19568360","19556897","19555973","19552068","19543226","19314870","19050967","18975738","18908458","18846603","18790638",
"Pre-demographic dividend","PRE","Population, female","SP.POP.TOTL.FE.IN","95310358","97557180","99915072","102372368","104931271","107589865","110335168","113175557","116132224","119213682","122420190","125725527","129118563","132720238","136536292","140490630","144545073","148762388","153397404","158267344","162858465","166933219","171288250","176141769","181192880","186382363","191556851","196809662","202041192","207498602","212912450","218254749","224422035","231486342","239203041","246718220","253375096","260083887","267440267","275150375","282892534","290943291","299672901","308702490","317745892","327149731","336578886","345801953","355790417","366492732","377314934","388461727","400041203","411955714","423967246","435934086","448123682","460657998","473425739","486342668","499446542","512551120","525601418","539051097","552842154","566911674",
"Puerto Rico (US)","PRI","Population, female","SP.POP.TOTL.FE.IN","1191119","1213547","1240435","1269494","1296517","1318815","1336480","1348593","1358165","1370122","1387917","1411299","1440367","1472717","1504520","1533341","1559745","1583642","1605567","1626478","1646682","1666030","1684540","1702359","1719842","1737275","1754796","1772422","1789941","1807047","1823657","1837148","1850026","1867006","1885853","1904699","1927417","1946459","1958638","1969392","1975572","1980519","1983931","1985999","1987173","1985145","1977686","1967171","1956765","1947197","1940127","1925598","1910586","1897032","1874742","1850830","1824458","1791510","1731709","1739820","1730717","1722685","1701690","1694232","1694652","1686493",
"Korea, Dem. People's Rep.","PRK","Population, female","SP.POP.TOTL.FE.IN","6420780","6547394","6676112","6820425","6973765","7130403","7296795","7482440","7676840","7868641","8061933","8252529","8444521","8623196","8776270","8917283","9045951","9163447","9277979","9394651","9514221","9639306","9769566","9901128","10034342","10169706","10307608","10447570","10589048","10732287","10878802","11029666","11184162","11340189","11496793","11631322","11741357","11846015","11943816","12034599","12116863","12190080","12253287","12326054","12408584","12480002","12544940","12606329","12664539","12718436","12767723","12815947","12864205","12913109","12962725","13012623","13062288","13111606","13159959","13206827","13250754","13289964","13326404","13360198","13390106","13416497",
"Portugal","PRT","Population, female","SP.POP.TOTL.FE.IN","4617651","4656649","4691862","4712510","4716894","4699829","4667406","4641527","4625808","4589371","4555435","4535900","4520992","4514758","4571257","4741666","4871793","4917292","4964225","5011931","5062024","5103787","5134081","5156922","5175984","5189950","5194674","5193343","5188460","5181943","5171919","5161588","5159172","5166262","5179875","5196622","5214669","5236578","5261568","5289440","5324036","5359229","5390986","5416490","5433622","5447658","5461620","5477093","5491630","5504912","5515346","5514330","5499561","5478858","5458055","5440729","5425240","5412982","5406817","5406231","5405235","5430708","5463636","5539155","5600421","5659014",
"Paraguay","PRY","Population, female","SP.POP.TOTL.FE.IN","951669","973615","996460","1020775","1046240","1072067","1098011","1123912","1149762","1175667","1201752","1228522","1256636","1285993","1316450","1347713","1379463","1412079","1445860","1481353","1519280","1559869","1602900","1647888","1694345","1742214","1791604","1842284","1894070","1946706","1999748","2053151","2106895","2160602","2214151","2267559","2320686","2373418","2425559","2476490","2524782","2567680","2604048","2636515","2667666","2697992","2726958","2754615","2782327","2811818","2845800","2884666","2926395","2969722","3014110","3059517","3105356","3151077","3196439","3241278","3286865","3329042","3368932","3411748","3455037","3497689",
"West Bank and Gaza","PSE","Population, female","SP.POP.TOTL.FE.IN","","","","","","","","","","","","","","","","","","","","","","","","","","","","","","","979197","1023685","1070199","1118871","1169756","1222957","1278601","1336765","1371636","1408094","1445514","1484780","1526203","1569055","1612954","1657430","1702468","1748297","1798708","1849119","1899516","1949736","2000122","2050376","2100875","2151143","2201027","2245037","2301306","2358603","2416909","2476124","2535941","2598445","2663386","2727489",
"Pacific island small states","PSS","Population, female","SP.POP.TOTL.FE.IN","440125","453092","466607","480548","494709","509085","523260","536350","548518","560722","573118","585401","597507","609428","621718","634736","648708","663519","678724","692656","707114","723906","740773","757608","774755","792201","809315","825173","839861","853854","867323","880306","893183","906035","918484","930444","942785","956956","972077","986805","1000897","1014491","1027782","1040664","1053349","1065886","1078320","1090650","1102712","1114805","1129332","1145986","1162470","1178900","1195479","1212229","1228947","1245942","1263036","1277538","1292132","1307960","1323620","1340306","1356893","1373324",
"Post-demographic dividend","PST","Population, female","SP.POP.TOTL.FE.IN","390356107","394896533","399488494","403985888","408450941","412783453","416913560","420909953","424781242","428563238","432333912","436944385","440745609","444373323","447923437","451367385","454499280","457575021","460657202","463816942","466785396","469739675","472459729","475003853","477358725","479720455","482158476","484605144","487283482","490209224","493101323","496367340","499569275","502550176","505313828","507865764","510451573","513021244","515382222","517657687","520132872","522543559","525128419","527725134","530416697","533062186","535858930","538863291","542031668","544812247","547407059","548955089","551131615","553047032","555197003","557379412","559624171","561508224","563281980","564979306","565957983","565766202","566139421","568036475","571570552","573741535",
"French Polynesia","PYF","Population, female","SP.POP.TOTL.FE.IN","40714","41619","42553","43788","45313","46902","48553","50272","52062","53902","55779","57556","59220","60908","62620","64343","66064","67965","70188","72587","75058","77591","80180","82745","85094","87328","89639","91998","94344","96567","98651","100657","102590","104447","106238","107966","109710","111632","113663","115653","117682","119737","121723","123716","125719","127645","129508","131149","132226","132932","133638","134368","135197","136164","137139","138026","138833","139276","138650","137688","137680","138084","138442","138862","139277","139706",
"Qatar","QAT","Population, female","SP.POP.TOTL.FE.IN","17696","19162","21100","23353","25910","28759","31979","35644","39735","44224","48312","51834","55410","59048","62755","66541","70418","74395","78484","82710","87097","91654","96351","101124","105888","110577","115552","120930","126379","131840","137327","142840","148386","153948","159511","165054","170530","177352","185976","195115","204460","213963","223571","233206","246772","261429","277266","304335","339868","385173","396780","408440","442987","496542","545928","579666","609853","637482","663074","704807","779300","705826","748117","756537","820750","859219",
"Romania","ROU","Population, female","SP.POP.TOTL.FE.IN","9467902","9538384","9596015","9654705","9714062","9768973","9859553","10021744","10160813","10272202","10400962","10515565","10624131","10724207","10832814","10978514","11123180","11230250","11322104","11386271","11440342","11511013","11571277","11613280","11653902","11701670","11756158","11815386","11872419","11927629","11951359","11852840","11752333","11743683","11735713","11723077","11701899","11681575","11671012","11665498","11662531","11513407","11309347","11222404","11150195","11072935","10999533","10831304","10646783","10554494","10488663","10432885","10381175","10336859","10292083","10237760","10174312","10111684","10047974","9990504","9931477","9858388","9822455","9828615","9824305","9808459",
"Russian Federation","RUS","Population, female","SP.POP.TOTL.FE.IN","66166734","66755111","67362193","67986005","68627841","69288580","69588034","69897205","70216015","70546314","70990296","71440342","71780704","72116190","72452116","72790703","73219157","73638213","74052833","74487612","74960986","75374117","75735677","76094093","76571534","77065818","77503225","77904240","78267232","78604501","78655071","78839460","78892225","78834168","78789623","78790071","78723823","78625556","78519648","78317168","78056192","77823540","77571695","77323220","77126164","76950535","76795674","76718025","76712186","76746264","76773041","76839670","76997955","77188611","77389058","77580765","77749859","77862890","77890854","77910513","77792851","77505719","77230340","77040679","76998716","76960071",
"Rwanda","RWA","Population, female","SP.POP.TOTL.FE.IN","1524782","1566575","1605753","1642024","1679836","1723570","1772308","1825802","1882548","1940738","1999971","2059133","2118715","2180435","2244313","2310343","2378792","2449395","2522495","2599488","2681314","2768425","2860853","2958109","3059711","3165016","3272909","3382356","3492344","3601915","3699580","3778657","3860656","4013955","3465801","2955472","3491592","4033370","4206184","4249235","4291977","4338981","4404326","4498483","4609011","4724005","4843074","4965528","5090049","5215568","5341376","5466485","5592023","5722427","5857759","5995302","6134976","6276692","6420052","6564443","6709518","6854356","7001645","7152063","7301809","7456953",
"South Asia","SAS","Population, female","SP.POP.TOTL.FE.IN","245740954","251707623","257812813","264037628","270415858","276761358","283015612","289430316","296023650","302688307","309591536","316501577","323588703","331128049","338941759","346997481","355207200","363609684","372065176","380779544","389864022","399160783","408690305","418413967","428331267","438417499","448681348","459027669","469415686","479940078","490549637","501145934","511851754","522633450","533320611","544061313","554930190","565868146","576879552","587934584","599037852","610226965","621233163","631944699","642606391","652973751","663068314","672931048","682487995","692173442","702001395","711722592","721320866","730384077","739507304","748302343","757204256","765868612","774069328","782028927","789739060","796585954","803253202","810649482","818164313","825704098",
"Saudi Arabia","SAU","Population, female","SP.POP.TOTL.FE.IN","1188407","1232216","1277800","1325282","1374813","1426370","1479997","1536429","1596343","1660066","1728436","1803434","1886620","1977745","2076101","2181346","2294880","2418436","2552287","2696307","2850303","3016273","3195466","3385528","3583437","3787015","4000323","4223961","4448138","4673573","4904547","5139148","5376685","5616244","5858409","6103011","6349001","6596224","6845228","7095615","7335077","7564525","7796444","8031059","8268670","8509778","8755035","9005052","9260118","9520132","9326344","9663169","9985076","10449174","10621095","11100100","11509675","11662022","11586701","11674265","12340509","12087819","12633809","13260611","13931115","14632159",
"Sudan","SDN","Population, female","SP.POP.TOTL.FE.IN","4167066","4300659","4440850","4588698","4743879","4906095","5074783","5250302","5433051","5622582","5820057","6023991","6234244","6487595","6745505","6982606","7229159","7481830","7771653","8084563","8418377","8763692","9105998","9416806","9645235","9834088","10034485","10251811","10477819","10707309","10938902","11172445","11408225","11673364","11977858","12297874","12585897","12878607","13215228","13557477","13906211","14262551","14626525","14971822","15317990","15687995","16066562","16462017","16899559","17377565","17804772","18173011","18569902","19008467","19535118","20143156","20768693","21503504","22269141","22935758","23565489","24214787","24882915","25221195","25436214","26057109",
"Senegal","SEN","Population, female","SP.POP.TOTL.FE.IN","1677852","1723395","1770322","1818622","1868490","1920368","1974579","2031072","2089543","2149881","2212287","2276968","2344037","2413434","2484003","2554579","2625113","2694449","2763916","2836449","2912666","2992903","3076922","3164545","3255716","3350968","3450914","3554685","3660788","3769213","3880560","3993966","4108718","4224897","4341545","4457265","4571440","4685232","4800873","4920428","5044475","5172105","5300480","5426549","5552550","5680903","5811582","5945105","6082862","6225853","6373840","6534551","6709361","6900933","7104579","7306534","7506672","7704849","7901276","8096322","8290197","8482181","8674926","8879764","9096833","9317276",
"Singapore","SGP","Population, female","SP.POP.TOTL.FE.IN","774105","802648","827281","850460","874463","897800","922109","944305","962254","978350","995621","1016693","1038601","1061011","1081553","1100151","1117724","1135925","1152271","1169269","1185836","1244659","1300445","1317675","1343293","1345802","1345121","1365725","1400791","1442309","1501573","1549426","1598654","1637614","1686085","1730302","1788764","1836431","1895584","1918576","1960541","2019567","2047988","2029905","2061198","2107023","2160961","2227877","2324434","2387433","2434714","2488730","2544341","2576015","2606509","2642505","2689295","2711014","2731845","2754201","2742212","2634886","2723972","2858818","2917785","2954709",
"Solomon Islands","SLB","Population, female","SP.POP.TOTL.FE.IN","66169","67633","69116","70635","72201","73817","75486","77221","79043","80943","82897","84918","87049","89335","91808","94453","97546","101123","104871","108740","112709","116766","120902","125124","129437","133826","138262","142945","147898","152921","157999","163139","168357","173656","179057","184569","190186","195905","201694","207411","212508","217039","221507","225948","230376","234808","239258","243722","248210","253031","260411","270194","280293","290706","301412","312372","323543","334859","346227","355507","363576","372519","381613","390932","400351","409870",
"Sierra Leone","SLE","Population, female","SP.POP.TOTL.FE.IN","1157772","1176063","1195414","1215718","1237021","1259352","1282427","1306287","1330826","1355679","1381087","1406551","1432207","1458657","1485673","1513085","1540468","1569039","1599431","1630733","1663337","1697052","1731937","1768925","1807718","1847752","1892923","1943803","1996381","2046221","2128076","2152517","2111455","2106214","2113843","2116688","2126423","2153324","2174440","2187075","2241158","2376213","2515856","2618496","2706740","2778678","2838815","2900098","2971772","3051287","3133887","3215127","3295955","3376336","3456326","3535743","3618365","3704193","3790821","3878671","3968363","4058933","4149726","4241460","4332051","4420775",
"El Salvador","SLV","Population, female","SP.POP.TOTL.FE.IN","1411697","1451133","1490018","1528066","1567762","1609452","1652961","1697782","1743363","1789207","1834878","1880256","1926214","1973311","2020746","2067863","2114552","2162194","2210995","2256840","2293045","2316096","2347627","2394359","2443193","2494228","2545338","2597270","2651446","2705641","2758552","2808769","2856608","2897788","2930391","2959896","2986932","3011872","3035015","3056460","3076098","3093394","3107671","3118802","3127168","3133115","3137142","3144321","3155104","3165443","3176102","3187623","3200117","3213351","3226552","3238313","3248575","3256809","3261667","3264290","3271804","3283657","3296919","3312439","3327460","3341750",
"San Marino","SMR","Population, female","SP.POP.TOTL.FE.IN","7604","7783","7966","8155","8347","8502","8601","8681","8761","8833","8892","9022","9235","9363","9397","9422","9474","9958","10494","10668","10819","10956","11075","11176","11255","11349","11463","11537","11642","11809","11980","12153","12331","12522","12733","12932","13111","13289","13472","13659","13846","14034","14225","14416","15261","15466","15656","16195","16433","17169","17268","16878","17267","17029","16826","16950","17059","17427","17772","17836","17887","17567","17210","17213","17270","17336",
"Somalia, Fed. Rep.","SOM","Population, female","SP.POP.TOTL.FE.IN","1444922","1482666","1521573","1561590","1602683","1645083","1688549","1733106","1778962","1825995","1874524","1923946","1974604","2027454","2080377","2133045","2186985","2245846","2411209","2728426","2971720","2994446","3004251","3100912","3215189","3346848","3486724","3612539","3618897","3563966","3551909","3421318","3264687","3358119","3529583","3657194","3790471","3923897","4087690","4254281","4425819","4603866","4777762","4955468","5139659","5319513","5483451","5655511","5824400","5971959","6121190","6165016","6221375","6424650","6658561","6891390","7161482","7444907","7712226","8000369","8309044","8617767","8882342","9160786","9486361","9809765",
"Serbia","SRB","Population, female","SP.POP.TOTL.FE.IN","3452305","3480199","3503835","3524627","3544100","3562907","3585585","3601727","3619356","3675927","3695012","3717787","3738183","3754360","3775704","3797333","3823203","3846463","3869141","3890693","3979656","3996132","4011823","4026873","4042751","4057166","4069283","4079646","4091412","4100167","4106446","3953525","3962420","3972316","3980942","3987743","3988174","3979202","3966739","3956955","3949518","3947829","3948345","3936887","3925655","3911861","3894446","3876506","3857699","3839789","3821879","3790599","3771281","3753454","3735593","3716749","3697361","3677427","3656731","3636492","3612250","3578623","3493763","3477760","3461698","3444925",
"Sub-Saharan Africa (excluding high income)","SSA","Population, female","SP.POP.TOTL.FE.IN","114819062","117643647","120591604","123646640","126826750","130131483","133535336","137059199","140730125","144541811","148493429","152538624","156667165","161025102","165610379","170338017","175208732","180160864","185498261","191175703","196799961","202715539","209060412","215325706","221569132","228026996","234618755","241411615","248279376","255268718","262409240","269564145","277047524","284547323","292316274","300721623","309322813","317831173","326315433","335053112","343987893","353204804","362698275","372448502","382533557","392968641","403703565","414786239","426255649","438040764","450135877","462447808","475032702","488011797","501228542","514696818","528373814","542371928","556794092","571386605","586192912","601141401","616168707","631454995","646985331","662813267",
"South Sudan","SSD","Population, female","SP.POP.TOTL.FE.IN","1471913","1497547","1524188","1552216","1584413","1617753","1646874","1674419","1702988","1731730","1760631","1794817","1834283","1877599","1924726","1972843","2021886","2071752","2122275","2173212","2224676","2276876","2330089","2380589","2424820","2467049","2511141","2535434","2480832","2413361","2427790","2480434","2521824","2551534","2612027","2690099","2757790","2835644","2894243","2971509","3099802","3235566","3377376","3527676","3689361","3864653","4054776","4258011","4469695","4680103","4928878","5197884","5430126","5633487","5670322","5613457","5483257","5207244","5144748","5296090","5434671","5519926","5599435","5834585","6069044","6194568",
"Sub-Saharan Africa","SSF","Population, female","SP.POP.TOTL.FE.IN","114839761","117664901","120613400","123668967","126849613","130154899","133559314","137083746","140755248","144567514","148519717","152565414","156694550","161052839","165638557","170366788","175238028","180190745","185528334","191206081","196830660","202746648","209091733","215357013","221600648","228058795","234650787","241445067","248312958","255302491","262443167","269598511","277082029","284582535","292352444","300758421","309360306","317869217","326354232","335092615","344027684","353244568","362739195","372488841","382573599","393008722","403744339","414827079","426297280","438082425","450178547","462489147","475074197","488053822","501270996","514740006","528417367","542415814","556838203","571430922","586237438","601186124","616222550","631508675","647039741","662868428",
"Small states","SST","Population, female","SP.POP.TOTL.FE.IN","4473478","4548517","4636155","4726684","4817358","4906070","4991335","5072529","5153244","5235957","5319928","5405963","5491385","5573510","5653543","5737942","5828277","5922512","6016837","6110576","6206025","6300447","6393218","6485314","6578073","6678055","6782582","6886434","6990598","7098701","7209616","7322705","7386498","7438592","7504962","7564046","7644485","7737890","7833151","7871167","7915201","8027881","8141509","8235357","8312242","8361798","8444603","8531261","8618776","8701530","8786727","8870074","8956029","9042742","9130841","9221316","9310129","9401474","9499855","9595483","9683468","9769348","9871910","9963912","10047036","10125255",
"Sao Tome and Principe","STP","Population, female","SP.POP.TOTL.FE.IN","29776","30261","30963","31650","32343","33049","33781","34557","35392","36289","37230","38184","39137","40118","41152","42257","43435","44677","45971","47266","48518","49706","50813","51897","53038","54280","55609","57054","58620","60201","61771","63183","64409","65598","66740","67831","68868","69853","70776","71633","72433","73638","75422","77349","79280","81233","83220","85240","87276","89296","91267","93171","95039","96880","98683","100444","102149","103800","105427","107058","109133","111464","113700","116054","118458","120885",
"Suriname","SUR","Population, female","SP.POP.TOTL.FE.IN","130710","134937","140165","146070","151465","156732","162177","167771","173514","179386","185345","191274","194071","193670","193010","192117","191016","189726","188260","186638","185793","186017","186722","187955","189798","192292","195087","197501","200277","203469","205600","206954","208337","209316","210926","214356","218505","222660","226863","231153","235548","240038","244566","249031","252666","255576","258626","261841","265156","268513","271888","275264","278655","282053","285428","288749","292071","295365","298574","301924","305402","308474","311399","314537","317505","320340",
"Slovak Republic","SVK","Population, female","SP.POP.TOTL.FE.IN","2058568","2118917","2141480","2163702","2186752","2208703","2229543","2249467","2267862","2286746","2298071","2308848","2329645","2353332","2378619","2404663","2431015","2457509","2483665","2509647","2531533","2551452","2572985","2593328","2612956","2632271","2650079","2666496","2682578","2697603","2711588","2715498","2717995","2729833","2741811","2751027","2757911","2763993","2768903","2773133","2770722","2766125","2764892","2762896","2761913","2761613","2761210","2761455","2763244","2765994","2767519","2770102","2773708","2775796","2777754","2779328","2781615","2784791","2787575","2790509","2792564","2786819","2779322","2777110","2775008","2771186",
"Slovenia","SVN","Population, female","SP.POP.TOTL.FE.IN","848530","852493","855656","860777","867068","874508","883902","892686","899104","902550","907078","913131","919510","926206","930270","938577","951778","962587","972372","982075","991079","991252","988212","991474","996275","1000875","1013311","1025529","1028387","1029128","1029864","1030123","1028592","1026468","1025474","1023921","1020381","1017672","1016065","1016125","1017180","1018167","1019190","1019495","1019999","1021111","1022564","1024184","1022713","1030478","1034057","1036939","1038993","1039719","1040109","1040389","1040428","1039905","1040686","1043169","1047544","1050160","1051860","1055684","1058467","1059206",
"Sweden","SWE","Population, female","SP.POP.TOTL.FE.IN","3750714","3768419","3788933","3810336","3838044","3872160","3906977","3937229","3961449","3990077","4026616","4056075","4072277","4083646","4099099","4117950","4135359","4152987","4168614","4181161","4192809","4201264","4207232","4212209","4218162","4226457","4237441","4252702","4272232","4298986","4330764","4359980","4385346","4410653","4442007","4465614","4472918","4475067","4477031","4479856","4485563","4495216","4506981","4521156","4536883","4552997","4575373","4604347","4635833","4672148","4708436","4740595","4772941","4810264","4852888","4897627","4950928","5009664","5062643","5109760","5144095","5173965","5207363","5230587","5246154","5258025",
"Eswatini","SWZ","Population, female","SP.POP.TOTL.FE.IN","178029","182282","186644","191157","195890","200952","206351","211842","217435","223348","229587","236156","243062","250302","257908","265900","274336","283196","292400","301949","311858","322136","332767","343619","354737","367404","381454","395872","413764","432680","449917","467729","485272","499136","498946","498387","507904","516817","524565","531371","537931","544001","549471","554401","558851","562903","566750","570258","573046","575173","576992","578693","580405","582307","584376","586533","588789","592245","596905","601680","607657","614424","620583","626490","632631","639179",
"Sint Maarten (Dutch part)","SXM","Population, female","SP.POP.TOTL.FE.IN","1433","1553","1691","1840","2001","2176","2361","2558","2765","2984","3211","3440","3684","3963","4267","4585","4911","5250","5603","5960","6313","6762","7413","8172","8952","9758","10587","11438","12320","13239","14197","15205","15983","16227","16190","16140","16076","16006","15929","15850","15780","15785","15930","16149","16371","16597","16831","17068","17302","17534","17745","18008","18367","18750","19126","19492","19845","20177","20494","20787","21054","21292","21572","21915","22254","22579",
"Seychelles","SYC","Population, female","SP.POP.TOTL.FE.IN","20699","21254","21796","22327","22863","23416","23978","24547","25123","25703","26288","26790","27385","27737","28178","28771","29296","29881","30073","30378","30699","31109","31321","31307","31516","31799","32032","33452","33582","33773","33927","34366","34505","35212","36170","36798","37493","38044","38799","39503","39791","39764","40920","40339","40042","40081","40774","40840","41631","41661","42670","41339","41495","42025","42454","43188","43553","43886","44111","44317","44526","44723","53843","53680","54410","55161",
"Syrian Arab Republic","SYR","Population, female","SP.POP.TOTL.FE.IN","2265660","2336375","2408356","2483701","2562575","2645070","2731280","2821247","2914899","3012394","3114425","3221769","3333670","3449981","3570414","3695418","3826140","3962213","4103007","4247359","4394980","4546323","4704088","4871425","5047249","5229308","5416638","5608654","5804316","6001946","6201373","6402029","6604217","6809060","7016171","7221326","7423101","7623990","7826242","8030709","8236526","8444326","8653941","8865494","9088717","9325063","9734163","10355168","10728493","10895650","11145360","11341388","11288690","10756737","10074560","9666333","9568019","9597669","9785124","10178472","10528436","10818054","11233661","11799042","12331590","12794815",
"Turks and Caicos Islands","TCA","Population, female","SP.POP.TOTL.FE.IN","3076","3079","3075","3064","3052","3039","3023","3006","2992","2981","2979","3009","3073","3145","3223","3304","3390","3479","3576","3678","3795","3942","4106","4280","4457","4636","4818","4999","5174","5352","5580","5883","6215","6556","6904","7259","7617","7974","8336","8702","9078","9488","9989","10562","11139","11719","12299","12885","13477","14068","14655","15228","15889","16663","17369","18161","19030","19843","20682","21500","22123","22570","22884","23065","23244","23416",
"Chad","TCD","Population, female","SP.POP.TOTL.FE.IN","1544018","1575059","1606914","1639640","1673044","1706698","1740767","1775590","1811468","1848925","1888292","1929069","1973022","2020039","2066725","2111730","2154629","2195890","2236893","2285141","2291483","2295549","2405538","2527238","2561874","2588712","2667192","2764001","2860266","2957583","3040750","3153228","3287121","3363406","3439148","3590197","3748781","3877010","4009196","4148794","4291050","4434347","4587364","4769995","4982758","5183261","5368922","5553115","5746722","5951454","6156782","6373950","6597895","6833909","7079024","7305228","7535632","7786905","8051467","8313906","8582450","8883575","9196578","9627875","10117765","10469209",
"East Asia & Pacific (IDA & IBRD countries)","TEA","Population, female","SP.POP.TOTL.FE.IN","434684286","434653368","440624332","452120000","463412018","475044421","488295034","501130253","514441981","528582415","543108591","557881038","571805143","585270526","598016162","609585758","620287642","630319209","640416571","650690064","660808436","671232470","682779878","694454057","705627966","717049859","729094788","741814942","754697977","767242649","779512989","791354249","802545987","813433808","824317843","835108727","845761454","856345659","866477765","875795992","884486070","892767926","900672984","908271710","915620033","922942627","930311000","937700279","945045004","952175574","959196401","966696475","975170671","983576569","991673299","999427597","1007120034","1015062598","1021981770","1027984939","1033103606","1036880894","1039859504","1042418443","1044789146","1046721432",
"Europe & Central Asia (IDA & IBRD countries)","TEC","Population, female","SP.POP.TOTL.FE.IN","164943798","167195272","169445917","171743648","174075033","176311345","178196325","180211977","182210220","184175812","186092298","187976006","189815449","191624073","193443408","195287884","197322406","199418685","201447708","203408037","205420524","207288417","209152357","211095581","213186056","215284034","217343279","219368613","221283684","223051067","224344484","225369116","226207850","226870209","227375947","227788872","228143057","228391449","228549961","228624697","228614649","228552467","228491924","228608473","228796892","228977559","229227885","229226842","229729031","230509482","231247608","232064799","233034557","234064669","235168485","236243203","237318132","238308710","239207324","240140929","240550787","240633485","239447337","238208844","238954744","240321985",
"Togo","TGO","Population, female","SP.POP.TOTL.FE.IN","849662","864712","880050","896300","913650","931902","950993","970764","991282","1036720","1090343","1125811","1158056","1188559","1218597","1248480","1278412","1308653","1339774","1373482","1411753","1455499","1498044","1536881","1576340","1621552","1671609","1722066","1773858","1826322","1879577","1933508","1987943","1989163","2010130","2095994","2174117","2245492","2307684","2368292","2429819","2492634","2556797","2622929","2689434","2759846","2844588","2941113","3042039","3146598","3250852","3341171","3417272","3489667","3559154","3626362","3691440","3753616","3821581","3904558","3991122","4067652","4136230","4212379","4298712","4386494",
"Thailand","THA","Population, female","SP.POP.TOTL.FE.IN","13309539","13703413","14114001","14539996","14980301","15434481","15898681","16370672","16849497","17331894","17819302","18308142","18803981","19308976","19810472","20303995","20783489","21259974","21736998","22208064","22681641","23153004","23620500","24092109","24562375","25026819","25484547","25936943","26389860","26835895","27300659","27782050","28259883","28730910","29187074","29638596","30086205","30527940","30968677","31399187","31785527","32126687","32450848","32767624","33074722","33371934","33660927","33941308","34212346","34475427","34722918","34962671","35206262","35441778","35659906","35856230","36051319","36238464","36384841","36498738","36601089","36686198","36730034","36752428","36772621","36783262",
"Tajikistan","TJK","Population, female","SP.POP.TOTL.FE.IN","1077638","1112318","1148745","1186892","1226406","1266998","1308793","1351938","1396415","1441690","1486946","1532409","1579209","1627837","1678226","1730438","1784472","1840219","1896935","1953067","2008336","2064151","2122006","2182576","2245828","2323112","2417464","2518972","2624727","2709904","2774332","2842772","2896149","2936807","2988409","3047987","3104837","3149745","3187837","3227023","3277109","3336974","3397635","3459761","3524432","3590329","3655565","3722826","3793516","3868042","3947540","4032237","4123891","4221471","4323083","4430347","4540016","4648404","4756694","4865797","4973756","5080941","5186644","5288457","5386930","5482654",
"Turkmenistan","TKM","Population, female","SP.POP.TOTL.FE.IN","841231","867954","895597","923848","952420","981072","1009650","1038112","1066521","1095009","1123746","1152864","1182319","1212296","1243016","1274392","1306417","1339141","1372677","1407205","1442932","1480100","1518800","1559187","1601778","1649133","1701231","1755620","1810942","1862948","1910853","1957451","2000857","2043806","2085118","2121668","2157394","2193421","2230021","2271928","2319589","2368410","2417906","2467565","2517126","2566635","2616452","2667281","2720127","2775776","2834511","2896354","2961174","3028765","3098866","3171155","3245208","3320500","3396409","3472187","3546701","3619307","3688063","3753089","3816376","3877187",
"Latin America & the Caribbean (IDA & IBRD countries)","TLA","Population, female","SP.POP.TOTL.FE.IN","104268108","107245425","110304634","113434448","116627823","119873264","123158407","126477495","129827633","133208830","136605695","140039208","143537114","147097630","150713348","154368090","158061922","161825012","165668974","169564774","173504053","177480284","181500408","185581179","189698443","193817134","197925040","202032224","206155422","210284839","214421929","218531125","222628744","226714793","230763450","234801100","238807817","242787029","246772584","250724423","254568385","258285791","261903281","265440295","268908154","272305759","275694198","279065902","282431466","285765184","289038706","292307921","295587936","298836804","302056752","305218836","308319976","311336432","314208490","316928897","319389419","321516006","323684775","326082571","328483379","330803112",
"Timor-Leste","TLS","Population, female","SP.POP.TOTL.FE.IN","232123","235733","239494","243408","247469","251666","256002","260479","265095","269834","274685","279628","284621","289555","293542","298442","305582","313272","320808","328029","335756","341120","343406","345533","347801","350363","353139","356221","359726","363499","367473","374609","385091","396098","407557","419312","431320","443723","456358","404740","361856","394586","427212","445668","451723","461310","475402","489478","503166","516244","529256","542479","555488","568043","580267","592449","604598","616910","629726","642976","656360","669265","679188","686512","694510","703273",
"Middle East, North Africa, Afghanistan & Pakistan (IDA & IBRD)","TMN","Population, female","SP.POP.TOTL.FE.IN","73581078","75494308","77457166","79503970","81622673","83808056","86116273","88564204","91095928","93709944","96394258","99102318","101875572","104775291","107786563","110985364","114349438","117804600","121385478","125115631","129056876","133104835","137253189","141632090","146282087","151061643","155893949","160806142","165746145","170763473","175753553","180729057","185863682","190978845","195925213","200801971","205635070","210491586","215467244","220531219","225511016","230530715","235659146","240942765","246413274","252026019","257798439","263548039","269453901","275603381","281742243","287820177","293718256","299434454","305056596","310400332","315625475","321073568","326877028","332859384","338856677","344839846","350957596","357402161","363795204","369900943",
"Tonga","TON","Population, female","SP.POP.TOTL.FE.IN","32495","33383","34286","35212","36160","37132","38120","39002","39779","40550","41313","42068","42810","43548","44525","45753","46968","47714","47988","48199","48356","48471","48556","48617","48666","48714","48775","48962","49217","49391","49495","49547","49563","49558","49553","49562","49565","49758","50133","50477","50806","51131","51440","51744","52056","52368","52673","52980","53263","53484","53700","53902","53959","53882","53763","53618","53453","53568","53944","54269","54564","54769","54891","55007","54962","54743",
"South Asia (IDA & IBRD)","TSA","Population, female","SP.POP.TOTL.FE.IN","245740954","251707623","257812813","264037628","270415858","276761358","283015612","289430316","296023650","302688307","309591536","316501577","323588703","331128049","338941759","346997481","355207200","363609684","372065176","380779544","389864022","399160783","408690305","418413967","428331267","438417499","448681348","459027669","469415686","479940078","490549637","501145934","511851754","522633450","533320611","544061313","554930190","565868146","576879552","587934584","599037852","610226965","621233163","631944699","642606391","652973751","663068314","672931048","682487995","692173442","702001395","711722592","721320866","730384077","739507304","748302343","757204256","765868612","774069328","782028927","789739060","796585954","803253202","810649482","818164313","825704098",
"Sub-Saharan Africa (IDA & IBRD countries)","TSS","Population, female","SP.POP.TOTL.FE.IN","114839761","117664901","120613400","123668967","126849613","130154899","133559314","137083746","140755248","144567514","148519717","152565414","156694550","161052839","165638557","170366788","175238028","180190745","185528334","191206081","196830660","202746648","209091733","215357013","221600648","228058795","234650787","241445067","248312958","255302491","262443167","269598511","277082029","284582535","292352444","300758421","309360306","317869217","326354232","335092615","344027684","353244568","362739195","372488841","382573599","393008722","403744339","414827079","426297280","438082425","450178547","462489147","475074197","488053822","501270996","514740006","528417367","542415814","556838203","571430922","586237438","601186124","616222550","631508675","647039741","662868428",
"Trinidad and Tobago","TTO","Population, female","SP.POP.TOTL.FE.IN","420264","429666","438854","447784","456469","464914","473078","480834","488114","494920","500769","506299","512433","518846","525245","531557","537943","544531","551422","558513","565517","572170","578533","584814","591037","598251","606166","613323","619711","625510","630866","635910","640727","645185","649183","652667","655623","658150","660436","662782","665433","668476","671876","675431","678992","653506","655442","658287","661215","662184","666226","671615","675420","678319","680931","683389","685841","687404","686247","687848","691070","691550","690401","691204","691904","692080",
"Tunisia","TUN","Population, female","SP.POP.TOTL.FE.IN","2137318","2162212","2189021","2218037","2249378","2284990","2329770","2383009","2441365","2502678","2564973","2629078","2695492","2764673","2837104","2912986","2990372","3068400","3137501","3197086","3257793","3319396","3379863","3436907","3511613","3606048","3700898","3795419","3887389","3975838","4062179","4153525","4249493","4343342","4429291","4505279","4576296","4644385","4709413","4771537","4831165","4888822","4945071","5000358","5052867","5102947","5153958","5207192","5263244","5322796","5385892","5451368","5518743","5590269","5661884","5730463","5798235","5863678","5925699","5985004","6039342","6082035","6122300","6167026","6208686","6246900",
"Turkiye","TUR","Population, female","SP.POP.TOTL.FE.IN","13902247","14294469","14698839","15109673","15523385","15931013","16350521","16786323","17221344","17654071","18074768","18480150","18876429","19266811","19646275","20013936","20439181","20924395","21408281","21888476","22367355","22834572","23344458","23915533","24487193","25051881","25604835","26144794","26684401","27224286","27750031","28253653","28750581","29262016","29785994","30291081","30767125","31229978","31681455","32119608","32545316","32964158","33375969","33777980","34169474","34549484","34919575","34989303","35431846","35904517","36433945","36970426","37459914","37957319","38484424","39012881","39553942","40082878","40641328","41243483","41670659","42082196","42526426","42719404","42833032","43031595",
"Tuvalu","TUV","Population, female","SP.POP.TOTL.FE.IN","2878","2901","2931","2963","2980","2991","3010","3017","3024","3040","3057","3065","3064","3055","3128","3284","3435","3583","3722","3838","3925","4001","4068","4125","4178","4243","4321","4393","4459","4518","4573","4625","4668","4704","4736","4764","4789","4810","4828","4844","4858","4866","4873","4896","4942","4986","5026","5071","5122","5171","5226","5287","5344","5369","5359","5347","5324","5283","5224","5154","5077","4981","4882","4795","4710","4633",
"Tanzania","TZA","Population, female","SP.POP.TOTL.FE.IN","5039140","5181796","5330909","5485960","5648921","5818879","5995724","6180856","6380279","6595363","6821299","7058756","7310360","7573520","7847539","8134222","8431791","8739478","9052022","9363702","9680640","10008227","10344153","10683298","11028171","11375712","11724391","12077120","12425819","12773173","13122080","13471634","13824822","14247577","14753905","15206568","15532641","15885093","16312974","16757990","17235727","17712781","18191098","18692353","19220319","19774479","20349097","20937593","21527596","22096302","22690306","23338862","24018871","24744828","25507952","26327523","27200908","28094171","28981818","29860889","30768333","31701548","32646077","33603791","34576910","35568490",
"Uganda","UGA","Population, female","SP.POP.TOTL.FE.IN","3777153","3891943","4011093","4135904","4266329","4401873","4542935","4690270","4844470","5002073","5160075","5314470","5455817","5591871","5739005","5896106","6058390","6225916","6399602","6563250","6710783","6863967","7036634","7225967","7433906","7655644","7890084","8142845","8407231","8683099","8967826","9265471","9584207","9917865","10252841","10533923","10819034","11132895","11463872","11835419","12207750","12581652","12976787","13388571","13791950","14198215","14615077","15045636","15488932","15944629","16414198","16895483","17386164","17885235","18413800","18981075","19614061","20302070","20994867","21710133","22437739","23163441","23862969","24533989","25209966","25889256",
"Ukraine","UKR","Population, female","SP.POP.TOTL.FE.IN","23777872","24050053","24307096","24552160","24783482","24989017","25185731","25382090","25572903","25750688","25913372","26080637","26249232","26396762","26531420","26664333","26780401","26876264","26959360","27038900","27128367","27222894","27314992","27425546","27534508","27616526","27692503","27763193","27826294","27877907","27915614","27947511","27997945","27987701","27825609","27595703","27354937","27116307","26893290","26674834","26455240","26225059","26004582","25815987","25643782","25447598","25293672","25183869","25061737","24958395","24863372","24778048","24713834","24656161","24567807","24462666","24365768","24262827","24138295","24004328","23859257","23654574","21931325","20188500","20262170","20842863",
"Upper middle income","UMC","Population, female","SP.POP.TOTL.FE.IN","605314741","609625394","620025155","636053211","651961262","668216199","686184187","703846396","722023836","741089963","760520537","780216110","799068432","817511578","835320612","852171434","868491449","884317790","900288911","916349147","932335559","948948854","966767575","984582178","1001988112","1019656971","1038000117","1057044082","1076116482","1094783874","1112935090","1130235552","1146845611","1162351412","1177719597","1193320796","1208685411","1223749377","1238210620","1252097829","1265490498","1278290112","1290353855","1302071278","1313802920","1325518160","1337113446","1348196504","1359960462","1371828785","1383518280","1395656855","1408966617","1422248192","1435636689","1448542846","1461067016","1473751076","1485693749","1496516173","1505714912","1513104419","1518147270","1522572626","1528537212","1534476469",
"Uruguay","URY","Population, female","SP.POP.TOTL.FE.IN","1262371","1279305","1295803","1311878","1327529","1342633","1357056","1370642","1383197","1394505","1404757","1414487","1424131","1434100","1444787","1456299","1467660","1478005","1487466","1495902","1503297","1510344","1517823","1525701","1533664","1542007","1550782","1560015","1569794","1579746","1589673","1599493","1609024","1618260","1627480","1636775","1646217","1655675","1664510","1672707","1679574","1684295","1687265","1689069","1690663","1692630","1695212","1698672","1702685","1707013","1711554","1715858","1720162","1725044","1730380","1735970","1741248","1745432","1748368","1749738","1750465","1749263","1746501","1745071","1744028","1742680",
"United States","USA","Population, female","SP.POP.TOTL.FE.IN","91975168","93588412","95121693","96588678","98029930","99357165","100610865","101812368","102932331","104036269","105346527","106723672","107855912","108879584","109867941","110946436","111995149","113113833","114303001","115552607","116638415","117720971","118746066","119722469","120643549","121600360","122622306","123624364","124651282","125736225","127010563","128549261","130212830","131805773","133300673","134766699","136208912","137718053","139180769","140626695","142032212","143324495","144593070","145774399","147065155","148365003","149742927","151118757","152502206","153796930","155061336","156183737","157260545","158288180","159395036","160520591","161638154","162620296","163450491","164182160","164819994","165116654","166112422","167544120","169176816","170047087",
"Uzbekistan","UZB","Population, female","SP.POP.TOTL.FE.IN","4221717","4373446","4539005","4710070","4884811","5063793","5244512","5426353","5609693","5791938","5968253","6139043","6311958","6490808","6675423","6865589","7060890","7261113","7459867","7654310","7851095","8053075","8261171","8477996","8706904","8948323","9201034","9460388","9717682","9968168","10204532","10446608","10701719","10948073","11181106","11404222","11618759","11820567","12007013","12176048","12330511","12481489","12635692","12790353","12948136","13110535","13280001","13466650","13673491","13892323","14111263","14325622","14540460","14766728","15010753","15267686","15528721","15790068","16061755","16352254","16657925","16979564","17320246","17670093","18018147","18359298",
"St. Vincent and the Grenadines","VCT","Population, female","SP.POP.TOTL.FE.IN","44599","45276","45895","46473","47019","47543","48038","48505","48932","49322","49694","50063","50442","50817","51171","51510","51832","52146","52450","52726","52992","53273","53555","53821","54081","54325","54544","54737","54903","55038","55132","55205","55281","55349","55398","55418","55404","55362","55325","55352","55380","55319","55215","55084","54904","54682","54438","54172","53897","53616","53321","52999","52697","52431","52169","51926","51659","51348","51022","50691","50472","50257","49946","49658","49380","49104",
"Venezuela, RB","VEN","Population, female","SP.POP.TOTL.FE.IN","4039615","4187936","4338789","4492658","4649655","4809768","4973422","5140398","5310092","5481591","5655380","5832099","6011319","6193815","6380208","6570984","6766612","6967395","7173118","7383041","7596181","7812154","8030868","8252415","8476744","8703652","8934986","9170898","9409242","9648698","9887684","10125966","10363737","10600862","10837159","11072522","11307326","11542449","11777897","12011723","12244159","12475441","12708361","12941528","13170511","13397679","13622772","13842272","14053462","14255739","14451897","14646922","14840907","15029199","15209375","15378700","15485243","15396408","15026640","14599335","14360362","14265712","14260990","14312346","14371684","14433911",
"British Virgin Islands","VGB","Population, female","SP.POP.TOTL.FE.IN","3977","4019","4037","4061","4089","4135","4211","4329","4508","4775","4968","5035","5092","5146","5198","5242","5280","5311","5339","5362","5431","5599","5816","6036","6255","6473","6693","6915","7147","7394","7655","7897","8098","8290","8494","8706","8924","9153","9393","9633","9880","10172","10539","10956","11393","11843","12312","12804","13321","13841","14096","14706","15670","16469","17206","18108","17735","17034","18198","19235","19676","20078","20316","20572","20779","20923",
"Virgin Islands (U.S.)","VIR","Population, female","SP.POP.TOTL.FE.IN","16497","17517","17826","20218","20674","21982","23286","24692","27963","30230","31796","35625","38522","42652","45798","48322","49400","48081","49694","50021","51905","51979","52025","52109","52189","52227","52235","52238","52233","52237","53733","54209","54733","55239","55684","56008","56216","56416","56581","56690","56805","56793","56745","56710","56652","56614","56544","56510","56544","56568","56552","56486","56387","56278","56175","56024","55805","55557","55279","54962","54811","54830","54818","54775","54690","54558",
"Viet Nam","VNM","Population, female","SP.POP.TOTL.FE.IN","16475729","16915720","17358348","17844183","18327884","18801162","19261662","19711729","20154281","20605059","21076272","21587724","22108871","22631470","23162146","23717647","24326526","24967641","25621510","26192476","26761022","27405462","28063127","28744011","29442502","30135995","30801863","31444579","32090890","32756397","33446233","34149330","34842765","35513540","36153130","36755217","37314605","37850432","38378801","38873772","39328947","39768451","40207727","40653776","41090414","41508486","42107114","42909041","43748397","44421765","44912426","45410433","45919531","46434808","46971117","47527300","48084841","48636377","49147626","49610246","50061601","50486603","50859448","51201223","51526287","51840189",
"Vanuatu","VUT","Population, female","SP.POP.TOTL.FE.IN","29694","30636","31619","32637","33690","34785","35923","37106","38170","39133","40179","41316","42563","43901","45316","46819","48398","50033","51705","51341","50886","52426","54051","55756","57531","59370","61259","63190","65171","67187","69160","71099","73075","75072","77067","79049","81003","82925","84832","86760","88959","91440","93957","96497","99080","101708","104397","107183","110108","113150","116043","118787","121621","124549","127549","130601","133712","137056","140599","144129","147696","151286","154916","158611","162312","166024",
"World","WLD","Population, female","SP.POP.TOTL.FE.IN","1513820981","1534381360","1561411311","1594335334","1627502886","1661023393","1695788297","1730526093","1766142119","1802900987","1840496080","1879243381","1916689708","1954385184","1991938572","2028847493","2065288631","2101501054","2138391206","2176304899","2214488478","2253475176","2294182341","2335306926","2376360127","2418224216","2461097051","2505000054","2549386512","2593939831","2638729778","2682403225","2726053460","2768962683","2811509788","2854310971","2897180368","2939852526","2981949459","3023389604","3064403263","3105303232","3145958318","3186455917","3227286681","3268213619","3309624643","3351182236","3393641480","3436344281","3478478710","3520696876","3564707965","3608279533","3651710747","3694735185","3737779128","3780539277","3821941687","3862597121","3901339008","3935187241","3970177260","4008126120","4047858202","4085748274",
"Samoa","WSM","Population, female","SP.POP.TOTL.FE.IN","54853","56279","57746","59237","60703","62143","63591","64874","65971","67047","68107","69135","70132","71102","72469","74254","75984","77236","78042","78790","79510","80169","80404","80225","79977","79720","79593","79849","80297","80624","80879","81154","81717","82496","83240","84010","84820","85616","86354","87088","87823","88574","89278","89846","90343","90798","91258","91868","92629","93425","94276","95227","96221","97203","98190","99174","100171","101318","102629","103948","105251","106258","106942","107591","108225","108833",
"Kosovo","XKX","Population, female","SP.POP.TOTL.FE.IN","487910","500522","512816","525249","538506","552838","568284","584823","598540","609340","620837","633938","648391","663343","679325","696365","714411","733379","753136","773567","794694","814804","832755","850101","868096","887112","907111","928257","947162","962938","978850","995562","1012158","1028183","1044054","1059729","1074847","1088620","1029385","927068","894357","903646","909376","909898","910228","910335","910119","909690","909297","909091","909172","912238","919532","924593","921520","909039","903541","910081","912947","908689","909318","907377","898350","854998","810156","801249",
"Yemen, Rep.","YEM","Population, female","SP.POP.TOTL.FE.IN","2778773","2842573","2908877","2977069","3048889","3125359","3205878","3290732","3379832","3473895","3569240","3665288","3766076","3871697","3982690","4099759","4223270","4353208","4489940","4635832","4792061","4957869","5133165","5319194","5516847","5726366","5947542","6179426","6419178","6665930","6922051","7187499","7461464","7742827","8029811","8319513","8600048","8874400","9154150","9439211","9729548","10023178","10320054","10623084","10934846","11273485","11639970","12016807","12402249","12797754","13198893","13601487","14015248","14444586","14891086","15350464","15821476","16308544","16805311","17319592","17830293","18330840","18866431","19440467","20025126","20608781",
"South Africa","ZAF","Population, female","SP.POP.TOTL.FE.IN","8003578","8246385","8514193","8795605","9087733","9390979","9705499","10031556","10367416","10709817","11055105","11386608","11707905","12035942","12368861","12705708","13046550","13392157","13744212","14105221","14538847","15052204","15591246","16154932","16734158","17297608","17839236","18382826","18931725","19478886","20012714","20482431","20992697","21240777","21730022","22596583","23358845","23948882","24242321","24511041","24743649","24956582","25173802","25393002","25614018","25837572","26066628","26308996","26582180","26871093","27159465","27465137","27841809","28275670","28704167","29194266","29479001","29730327","30211847","30695653","31181202","31649230","32072567","32461907","32854235","33243194",
"Zambia","ZMB","Population, female","SP.POP.TOTL.FE.IN","1590765","1641825","1694750","1749618","1806278","1864981","1926058","1989393","2055233","2122705","2188709","2254345","2322978","2394851","2469977","2548714","2630668","2715107","2801710","2890097","2980564","3074761","3174931","3278337","3381433","3485619","3592137","3698779","3804044","3908736","4013367","4117597","4221813","4327331","4435361","4546483","4661148","4781419","4906679","5036972","5175350","5325571","5482817","5646844","5819751","6004061","6201876","6411278","6630737","6857391","7088827","7321935","7558420","7799772","8046415","8297353","8553749","8815589","9081205","9351835","9626158","9900765","10179081","10467717","10764716","11065695",
"Zimbabwe","ZWE","Population, female","SP.POP.TOTL.FE.IN","1925679","1988050","2052722","2119628","2188719","2260092","2333725","2409623","2488102","2569374","2652821","2738827","2828899","2923688","3022959","3124791","3228245","3327426","3412486","3501263","3659367","3836536","3980628","4130412","4282570","4436177","4590722","4756235","4922577","5072688","5215208","5355043","5542183","5668961","5696816","5759099","5854195","5960305","6071691","6168979","6233089","6282984","6346623","6424049","6498530","6567254","6648424","6734847","6818684","6917212","7031527","7160049","7285961","7393960","7491842","7588874","7690502","7797375","7908981","8027926","8156300","8291728","8426339","8559888","8705285","8862928",
