Data Source,World Development Indicators,,,,,,,,,,,,,,,,,,,,,,,,,,,,,,,,,,,,,,,,,,,,,,,,,,,,,,,,,,,,,,,,,,,,
,,,,,,,,,,,,,,,,,,,,,,,,,,,,,,,,,,,,,,,,,,,,,,,,,,,,,,,,,,,,,,,,,,,,,
Last Updated Date,13/07/2026,,,,,,,,,,,,,,,,,,,,,,,,,,,,,,,,,,,,,,,,,,,,,,,,,,,,,,,,,,,,,,,,,,,,
,,,,,,,,,,,,,,,,,,,,,,,,,,,,,,,,,,,,,,,,,,,,,,,,,,,,,,,,,,,,,,,,,,,,,
Country Name,Country Code,Indicator Name,Indicator Code,1960,1961,1962,1963,1964,1965,1966,1967,1968,1969,1970,1971,1972,1973,1974,1975,1976,1977,1978,1979,1980,1981,1982,1983,1984,1985,1986,1987,1988,1989,1990,1991,1992,1993,1994,1995,1996,1997,1998,1999,2000,2001,2002,2003,2004,2005,2006,2007,2008,2009,2010,2011,2012,2013,2014,2015,2016,2017,2018,2019,2020,2021,2022,2023,2024,2025
Aruba,ABW,"Population, male",SP.POP.TOTL.MA.IN,26995,27326,27692,28027,28334,28614,28855,28999,29040,29030,28976,28884,28510,28614,28617,28572,28581,28649,28711,28880,29198,29487,29830,30312,30665,30128,29292,28964,29103,29678,30794,32257,33698,35932,37782,38778,40239,41737,42691,43192,43583,43945,44207,44683,45617,46770,47568,47875,48194,48476,48598,48948,49593,50261,50727,51185,51514,51460,51479,51548,51205,50800,50658,50706,51015,51382
Africa Eastern and Southern,AFE,"Population, male",SP.POP.TOTL.MA.IN,64411379,66120634,67916448,69778027,71729676,73764113,75854712,78035195,80320149,82672856,85084708,87568465,90093291,92770674,95582231,98419408,101328415,104222195,107361702,110755072,114176748,117807471,121647086,125529014,129387961,133361007,137461633,141699498,145924273,150129301,154515532,158830759,162958821,167708189,172098745,176020756,180255455,184627610,189507178,194559082,199703031,204988929,210469257,216138199,222011741,228081410,234350260,240843285,247584539,254530899,261666071,268876932,276304020,284095099,291989157,300126839,308229616,316499465,325347331,334380327,343576395,352841557,362165890,371471821,380825707,390553024
Afghanistan,AFG,"Population, male",SP.POP.TOTL.MA.IN,4690245,4775684,4867111,4963703,5065414,5173290,5285657,5402774,5525923,5654144,5788704,5925771,6067256,6218247,6372902,6524498,6666595,6806361,6939643,6954359,6697575,6062427,5570563,5520174,5639756,5736473,5717133,5691607,5753395,5926628,6011167,6106550,6624209,7456723,8113904,8525665,8880573,9232074,9593052,9964825,10094645,10179793,10737198,11426685,11851534,12284658,12805479,13056363,13350888,13853158,14272310,14815166,15432887,15974952,16570680,17099520,17541315,18038999,18564622,19119647,19725450,20186456,20475675,20924078,21532540,22142579
Africa Western and Central,AFW,"Population, male",SP.POP.TOTL.MA.IN,48455513,49456062,50496568,51587717,52709216,53868909,55069106,56297333,57571931,58929998,60371801,61863233,63414077,65046326,66769968,68587469,70459497,72408569,74465220,76609176,78822354,81117850,83514918,85823951,88123245,90595091,93146880,95767233,98478224,101293110,104071274,106899476,109932196,112960577,116031967,119302691,122651485,126070757,129632903,133271019,137038077,140981850,145067556,149291035,153652616,158143504,162733765,167454618,172342379,177313049,182415237,187746155,193145075,198597391,204166078,209792576,215519755,221293614,227010894,232661225,238319952,244042041,249799010,255828976,262070839,268232765
Angola,AGO,"Population, male",SP.POP.TOTL.MA.IN,2649099,2690647,2721244,2752564,2784880,2818210,2852358,2887186,2922522,2958206,3001952,3064286,3149294,3250028,3356153,3464328,3573134,3687623,3810101,3938443,4074945,4219016,4370267,4528522,4691934,4860528,5032793,5202876,5374561,5553615,5738038,5928501,6120976,6311837,6510836,6728958,6962184,7204542,7450239,7697722,7955060,8225203,8509854,8814938,9141912,9486138,9847394,10228480,10627960,11045400,11484638,11945063,12422551,12914239,13409269,13905216,14415388,14938928,15467791,16004756,16539639,17077372,17626416,18181690,18747466,19322247
Albania,ALB,"Population, male",SP.POP.TOTL.MA.IN,810328,836331,862888,889332,915854,941897,967434,993483,1022164,1052327,1079983,1107034,1135541,1163172,1190625,1218694,1246192,1274323,1301156,1327023,1353967,1380818,1409595,1438916,1468454,1497736,1525651,1555135,1583476,1624592,1650978,1637526,1623876,1609976,1595872,1581587,1567139,1552498,1537717,1522951,1508124,1491913,1489449,1486823,1483416,1478462,1471577,1462729,1453666,1445951,1440756,1437771,1415630,1393885,1372548,1351591,1331000,1310729,1290762,1271141,1251413,1231633,1212347,1192342,1175059,1161184
Andorra,AND,"Population, male",SP.POP.TOTL.MA.IN,4818,5248,5692,6149,6620,7102,7653,8333,9087,9858,10649,11463,12307,13178,14070,14976,15890,16797,17691,18550,19363,20128,20934,21790,22599,23322,24217,25182,26121,26654,27774,30152,32034,33696,34359,33769,33650,33957,34265,34339,34227,34216,34483,36057,38689,40374,41583,42851,43674,43765,41607,39682,39163,38241,37400,36505,36502,37399,38203,38915,39386,40011,40793,41354,41884,42360
Arab World,ARB,"Population, male",SP.POP.TOTL.MA.IN,45986981,47197987,48481169,49826310,51220421,52657811,54146043,55700590,57328743,59026205,60765610,62543993,64375730,66317294,68337333,70503943,72846973,75232460,77823437,80686847,83611326,86396706,89179910,92103264,95072742,98056815,101114107,104214096,107176919,110114681,113833734,116556439,119642274,123068158,126522824,129779444,133018070,136296628,139672631,143088112,146693275,150471688,154285557,158096673,161955995,165988234,170258350,174868706,179617200,184271695,187937861,192515581,197443701,202860283,207864262,213313845,218453134,222687909,226245552,230178397,234833174,238039933,243737501,249403208,254932430,260562779
United Arab Emirates,ARE,"Population, male",SP.POP.TOTL.MA.IN,81903,86829,91914,97161,102522,107849,112908,117388,132890,164086,200051,236918,274623,313135,352454,392534,446070,514169,585022,658117,731693,785787,821808,859521,898511,938659,995943,1070032,1144696,1219821,1295275,1370900,1446491,1521779,1596457,1671745,1786291,1939920,2095139,2251739,2409485,2568651,2729625,2891978,3054941,3217659,3448897,3852376,4285204,4518680,4582204,4691514,4840773,5017803,5247203,5527154,5793975,5970024,6040456,6094246,6052695,6149382,6458376,6710892,7020466,7342214
Argentina,ARG,"Population, male",SP.POP.TOTL.MA.IN,10210517,10368906,10532891,10698053,10862199,11023957,11185118,11348120,11513358,11680921,11854483,12031011,12209539,12395472,12588590,12782174,12975191,13174612,13380799,13591576,13805840,14024749,14247365,14474528,14705236,14936593,15169013,15404028,15644008,15885176,16124939,16360591,16590383,16817862,17047925,17276672,17497969,17713813,17924760,18134666,18343798,18547830,18747966,18943790,19139877,19341994,19547820,19750275,19959757,20181322,20404978,20631650,20854403,21075385,21305701,21537702,21752905,21953153,22142786,22307714,22419484,22478115,22527129,22596984,22680713,22763219
Armenia,ARM,"Population, male",SP.POP.TOTL.MA.IN,904881,936945,969185,1001432,1033505,1065208,1096362,1126876,1156611,1184777,1210380,1234438,1258836,1284119,1310217,1337130,1367477,1402332,1439570,1467161,1482680,1496626,1510578,1524929,1540992,1557519,1573120,1588431,1600313,1643888,1698698,1729672,1708594,1649380,1605180,1576984,1563082,1547568,1523824,1492700,1505674,1493713,1486459,1477635,1468638,1459166,1449250,1439098,1427063,1412894,1398412,1388724,1388000,1388125,1385447,1382219,1377472,1372328,1369034,1368115,1369076,1370352,1374836,1375071,1408477,1432485
American Samoa,ASM,"Population, male",SP.POP.TOTL.MA.IN,10506,10775,11089,11422,11774,12146,12516,12883,13266,13653,13987,14252,14492,14722,14951,15216,15510,15808,16108,16385,16791,17406,18098,18809,19537,20290,21063,21854,22665,23499,24244,24852,25409,25952,26484,27003,27508,27999,28468,28899,29168,29227,29196,29122,29018,28890,28743,28590,28419,28231,28057,27886,27684,27440,27163,26861,26532,26180,25810,25421,25170,24888,24430,24001,23602,23206
Antigua and Barbuda,ATG,"Population, male",SP.POP.TOTL.MA.IN,26556,27038,27442,27848,28254,28651,29032,29410,29799,30210,30517,30610,30538,30384,30228,30102,30048,30088,30163,30269,30382,30448,30494,30558,30614,30639,30648,30649,30656,30683,30721,30966,31393,31806,32252,32738,33257,33795,34313,34797,35306,35809,36258,36684,37105,37553,38051,38603,39208,39839,40411,40916,41379,41777,42124,42443,42721,42969,43200,43424,43667,43919,44170,44408,44633,44849
Australia,AUS,"Population, male",SP.POP.TOTL.MA.IN,5192631,5295783,5421149,5521204,5628081,5737431,5867440,5939407,6043351,6169940,6290474,6503400,6621242,6720804,6889712,6969644,7032951,7105492,7181751,7253654,7337415,7450293,7581428,7687228,7780438,7886038,8001483,8121372,8251555,8389840,8511912,8616571,8708711,8782324,8864100,8960227,9064930,9157731,9244018,9341084,9444852,9565297,9675755,9789254,9896271,10019929,10159956,10353814,10572156,10798554,10968398,11119680,11313314,11504656,11668306,11826934,12005031,12202290,12387923,12572523,12726843,12744892,12910035,13227250,13493363,13702766
Austria,AUT,"Population, male",SP.POP.TOTL.MA.IN,3282648,3302795,3325793,3350571,3376780,3403787,3433917,3465941,3487886,3502537,3517964,3537464,3562777,3587564,3594195,3580805,3572880,3575163,3572650,3566276,3567435,3580524,3586663,3583143,3585911,3591378,3598396,3605608,3616056,3639012,3675414,3721201,3769751,3806948,3825963,3834055,3840488,3846097,3852021,3862035,3874612,3894042,3918315,3940967,3968539,3999420,4022015,4036049,4049474,4061388,4072366,4088322,4110714,4139328,4177739,4236391,4292484,4325497,4347840,4368019,4386847,4406456,4449465,4494691,4518761,4535071
Azerbaijan,AZE,"Population, male",SP.POP.TOTL.MA.IN,1842740,1918256,1980238,2043714,2116849,2184945,2251973,2314194,2372719,2430335,2484994,2540665,2595172,2646793,2697409,2745586,2788921,2829606,2870977,2914827,2961623,3012620,3065174,3119117,3171059,3214797,3256706,3300087,3346359,3399314,3449830,3499175,3554578,3610338,3650605,3674347,3694179,3712724,3730025,3756249,3793539,3830440,3866571,3903101,3945223,3994600,4047790,4102912,4198756,4294399,4352435,4416337,4482635,4548349,4612413,4674067,4737324,4798347,4852143,4900577,4936921,4961161,4966581,4975494,5001264,5024622
Burundi,BDI,"Population, male",SP.POP.TOTL.MA.IN,1336288,1371997,1408782,1440089,1483359,1526271,1564626,1606357,1646592,1684026,1722221,1765972,1764218,1759612,1805481,1852488,1895949,1946925,2005844,2057930,2148515,2240110,2298146,2362044,2421279,2475282,2523117,2582319,2640284,2692627,2750135,2808318,2885410,2793450,2811034,2987231,2988738,2987957,3046083,3120819,3186803,3267954,3362193,3471560,3605444,3744034,3883501,4032117,4204483,4426023,4641033,4812401,4989576,5174376,5355162,5479352,5575483,5709445,5886059,6084180,6264949,6438864,6616267,6799975,6978594,7149019
Belgium,BEL,"Population, male",SP.POP.TOTL.MA.IN,4483448,4495485,4512235,4546331,4589703,4631641,4663001,4688957,4707135,4719902,4724134,4732198,4749707,4763572,4777732,4790869,4798712,4803854,4807693,4811658,4816500,4815710,4813986,4813548,4813302,4814366,4816303,4821014,4836747,4855131,4870370,4889735,4911505,4931962,4947520,4956748,4965281,4977197,4988157,4999840,5011966,5030117,5054613,5077084,5099315,5127655,5162632,5202598,5246271,5293207,5347692,5421180,5456715,5483424,5508955,5546695,5579303,5601766,5629590,5663142,5690995,5713093,5756528,5806613,5847551,5891251
Benin,BEN,"Population, male",SP.POP.TOTL.MA.IN,1192304,1213677,1236778,1261327,1287274,1314605,1343249,1373149,1404322,1436795,1470680,1506061,1543013,1581552,1621681,1663597,1707453,1753305,1801140,1851524,1905156,1961925,2021254,2082564,2146091,2212187,2280915,2352526,2427113,2504483,2584695,2667883,2753956,2882269,2995311,3061771,3145946,3243554,3348412,3456727,3567832,3681640,3798523,3919530,4044950,4179151,4313689,4447216,4587507,4730891,4877876,5028977,5184260,5343394,5507544,5676385,5848391,6022608,6197560,6372298,6546526,6720675,6896459,7074605,7252565,7430498
Burkina Faso,BFA,"Population, male",SP.POP.TOTL.MA.IN,2430840,2459689,2489327,2520212,2552887,2587933,2624657,2663054,2703488,2744961,2787666,2830232,2873414,2919605,2970412,3026607,3088615,3159265,3237671,3321620,3411581,3505992,3604389,3709019,3819291,3932740,4046088,4158370,4271582,4386593,4503814,4618195,4731288,4848755,4971592,5100223,5231545,5367626,5520905,5690962,5870057,6059631,6258423,6465522,6681034,6903047,7128374,7351309,7571230,7795583,8027268,8269076,8525150,8787755,9056087,9332364,9614040,9897120,10170922,10433333,10693067,10953636,11211359,11468763,11730086,11994178
Bangladesh,BGD,"Population, male",SP.POP.TOTL.MA.IN,26950420,27711544,28518261,29352670,30213467,31101431,32012189,32959418,33936209,34908747,35832997,36329727,36891348,37968306,39063123,40092000,41098594,42109012,43123376,44148270,45190244,46345130,47625418,48910618,50170776,51406265,52610279,53783431,54921371,56037234,57142542,58232652,59324411,60408992,61506885,62624821,63738280,64884483,66073396,67292204,68477112,69527199,70465423,71345034,72159664,72902576,73574026,74183979,74737613,75243836,75714374,76236811,76826473,77407636,77971658,78528055,79091607,79723871,80431108,81162190,81878880,82572341,83399395,84357711,85343656,86366729
Bulgaria,BGR,"Population, male",SP.POP.TOTL.MA.IN,3928360,3966913,4002357,4035494,4069174,4101183,4130087,4156053,4185420,4217159,4244351,4267032,4285860,4307132,4334862,4354773,4372378,4393386,4395998,4399660,4415127,4427407,4437985,4445840,4452568,4444586,4435104,4437283,4438197,4381856,4297812,4249950,4198615,4159633,4140689,4117194,4091461,4062714,4031474,4005012,3982113,3900494,3815034,3784300,3754879,3725725,3696739,3669333,3643766,3620656,3597346,3574951,3555090,3483960,3440409,3395430,3350042,3303879,3256565,3208578,3173938,3151113,3129809,3120023,3117026,3112828
Bahrain,BHR,"Population, male",SP.POP.TOTL.MA.IN,88130,91692,95293,98940,102645,106133,109340,112501,116350,120628,124498,130011,138061,146968,156128,165522,175121,184894,194801,204809,214881,224053,232133,240218,248664,257485,266667,276177,285962,295920,305909,298576,306315,314355,322591,331018,339659,348530,357640,367007,376640,392159,424988,461123,500330,543026,589672,640782,682850,731626,763640,744580,757998,783298,812848,847287,889896,946410,944796,927089,917338,932714,944896,978986,985627,992852
"Bahamas, The",BHS,"Population, male",SP.POP.TOTL.MA.IN,56791,60056,63556,67220,70691,74037,77652,81524,85629,89758,93440,96516,99161,101516,103769,106033,108355,110717,113053,115307,117399,119338,121243,123178,125141,127142,129176,131228,133329,135525,137754,139998,142435,144979,147394,149688,151898,154023,156060,157988,159881,161677,163377,165143,166958,168756,170685,172780,174802,176774,178700,180440,181988,183430,184802,186028,187079,187983,188788,189495,189876,189918,190243,190909,191597,192294
Bosnia and Herzegovina,BIH,"Population, male",SP.POP.TOTL.MA.IN,1551526,1580407,1610606,1639272,1666254,1691927,1716470,1739648,1760860,1779771,1796262,1814764,1837435,1860832,1884040,1907093,1929720,1951597,1972527,1992594,2012272,2032014,2051558,2070731,2089387,2107137,2123474,2138012,2150555,2160776,2168609,2174066,2055032,1875654,1776700,1768506,1847562,1918819,1954290,1974843,1989795,1999874,2004285,1999669,1980965,1958617,1941745,1916526,1883405,1849480,1815435,1780886,1745487,1716448,1694274,1672168,1650649,1630145,1610395,1590487,1568697,1543349,1524174,1514667,1505794,1495362
Belarus,BLR,"Population, male",SP.POP.TOTL.MA.IN,3668689,3715355,3764780,3816055,3867220,3916954,3966755,4017666,4068067,4116432,4160289,4200453,4239566,4276423,4309335,4336536,4360685,4387966,4419188,4450420,4482359,4517372,4551706,4586152,4620567,4653471,4688179,4723379,4743369,4764837,4778241,4783553,4799050,4814559,4797285,4770321,4757275,4740985,4722148,4699507,4673786,4647012,4613786,4576905,4541339,4505518,4473220,4449406,4431895,4419943,4409392,4397384,4389605,4388786,4393235,4401973,4408990,4406130,4398597,4391413,4372320,4334726,4299910,4277430,4255811,4233066
Belize,BLZ,"Population, male",SP.POP.TOTL.MA.IN,45202,46422,47697,49090,50597,52193,53864,55601,57378,59105,60523,61625,62632,63595,64545,65718,67138,68602,70090,71651,73414,75330,77249,79152,81048,82945,84840,86747,88679,90659,92663,94692,96703,98667,100774,103312,106416,110012,113898,117863,121747,125491,129195,132955,136776,140659,144587,148554,152543,156528,160364,164071,167797,171561,175354,179203,183673,188210,191765,194425,196764,198902,202913,207487,210442,213334
Bermuda,BMU,"Population, male",SP.POP.TOTL.MA.IN,21585,22069,22687,23291,23874,24450,25043,25601,26117,26643,27098,27331,27405,27454,27487,27504,27461,27377,27291,27201,27204,27343,27512,27678,27848,28010,28153,28312,28500,28689,28884,29072,29256,29437,29601,29739,29855,30020,30250,30494,30694,30828,30947,31050,31108,31159,31192,31269,31433,31603,31688,31652,31570,31520,31512,31498,31485,31495,31543,31604,31671,31732,31733,31680,31619,31550
Bolivia,BOL,"Population, male",SP.POP.TOTL.MA.IN,1823333,1861140,1900199,1940658,1982470,2025663,2070352,2116725,2164849,2214527,2265518,2317843,2371472,2426507,2483153,2541282,2601445,2663567,2726948,2791355,2856512,2922296,2988521,3055250,3122838,3191200,3260602,3331699,3404600,3478867,3554161,3630416,3706602,3785316,3866779,3947764,4028588,4108924,4188785,4268890,4348722,4427863,4504099,4578603,4654692,4732198,4811974,4893397,4975069,5057042,5139321,5221815,5304439,5386941,5469087,5550936,5632455,5713458,5793932,5873939,5940065,5989944,6053750,6135731,6219215,6302280
Brazil,BRA,"Population, male",SP.POP.TOTL.MA.IN,36288091,37384876,38502703,39639715,40788924,41939794,43086541,44225494,45358477,46496107,47646494,48813912,50003560,51217065,52448501,53701639,54988043,56309647,57663892,59045469,60450776,61871382,63294817,64722063,66150370,67572311,68975689,70352243,71703533,73029307,74332633,75601836,76851449,78081674,79285303,80487831,81688609,82884670,84099364,85304528,86454826,87555739,88614174,89629542,90610756,91571959,92509047,93412519,94272742,95081284,95844360,96587069,97333272,98085091,98839567,99587454,100309738,101001719,101654523,102280732,102844473,103236465,103548935,103913061,104295118,104657408
Barbados,BRB,"Population, male",SP.POP.TOTL.MA.IN,110423,111799,113067,114457,115877,117318,118810,120049,120957,121590,121736,121785,122171,122630,122972,123279,123513,123700,123749,123689,123743,123886,124072,124287,124508,124709,124855,124930,124922,124851,125004,125404,125782,126087,126297,126415,126437,126390,126324,126288,126085,126256,126982,127660,128282,128838,129327,129821,130399,130964,131479,131975,132420,132824,133204,133566,133907,134231,134537,134819,135102,135357,135411,135364,135423,135517
Brunei Darussalam,BRN,"Population, male",SP.POP.TOTL.MA.IN,47025,49482,51967,54587,57401,60313,63295,66339,69412,72480,74781,76600,79062,81928,84868,87899,91025,94234,97347,100370,103493,106734,110032,113410,116969,120699,124598,128398,132072,135842,139662,143451,147141,150777,154411,158039,161659,165269,168870,172463,176048,179582,183023,186347,189530,192568,195465,198323,201297,204424,207657,210931,214195,217409,220570,223684,226737,229710,232596,235393,238104,240401,242167,243889,245699,247435
Bhutan,BTN,"Population, male",SP.POP.TOTL.MA.IN,115894,119342,123095,127128,131323,135720,140333,145166,150227,155524,161036,166736,172621,178699,184973,191459,198171,205108,212273,219600,227014,234509,242087,249814,257708,265734,273903,282211,290593,299031,306907,311988,300171,287816,287410,283737,283862,288714,294029,301841,311481,320984,330363,339572,348566,356045,361136,365211,369262,373320,377418,381600,385887,390239,394538,398669,402740,406098,408571,410862,413208,415688,418190,420683,423047,425494
Botswana,BWA,"Population, male",SP.POP.TOTL.MA.IN,248218,253628,259300,265260,271476,274435,273969,273390,272769,272163,271622,275498,286800,302938,320743,339512,360034,382145,409298,437967,456229,472409,492377,510517,528899,547565,566391,585092,602904,620015,637115,654221,672808,692898,712916,732303,750856,768879,786672,804452,822409,840102,856692,872591,888696,905450,923229,942101,962012,982815,1004380,1024694,1042920,1060428,1077545,1094542,1111588,1128743,1145953,1163271,1180817,1199123,1217995,1236969,1256565,1276493
Central African Republic,CAF,"Population, male",SP.POP.TOTL.MA.IN,841827,858032,874898,892477,910856,930121,950385,971731,994235,1017628,1040804,1062959,1084293,1105578,1127400,1149829,1168116,1182122,1196521,1211373,1226713,1242632,1259111,1276117,1293699,1311812,1330419,1349783,1373644,1408886,1452306,1497382,1544641,1593563,1642980,1687206,1730276,1777357,1825223,1874983,1926591,1969134,2011946,2060297,2105150,2153186,2197584,2240179,2288359,2250532,2208874,2244083,2266988,2282158,2268482,2267967,2309345,2346526,2386430,2411803,2444831,2483247,2456263,2467628,2557962,2650480
Canada,CAN,"Population, male",SP.POP.TOTL.MA.IN,9061136,9233088,9393474,9557206,9727345,9894308,10071677,10248482,10409199,10543934,10693060,11020264,11145914,11273787,11424105,11582471,11723914,11848574,11953673,12061154,12208861,12352193,12491539,12606617,12717147,12826484,12950918,13120761,13287281,13520912,13723253,13894281,14053053,14200363,14352168,14497158,14648447,14796996,14920341,15042362,15188055,15360826,15532792,15674662,15822784,15975662,16139677,16296084,16472578,16661983,16848382,17016358,17208263,17397233,17575548,17709821,17912345,18132886,18404527,18684549,18893273,18998959,19346366,19888010,20489699,20681413
Central Europe and the Baltics,CEB,"Population, male",SP.POP.TOTL.MA.IN,44115155,44551162,44960746,45393489,45845477,46225267,46594228,47048835,47469537,47828606,48086585,48329369,48682688,49052074,49457166,49906784,50347797,50758585,51112443,51418815,51712042,52000869,52297334,52575780,52836224,53071308,53297708,53520473,53696861,53732794,53682714,53525399,53321540,53256530,53216649,53109951,52966903,52840042,52719564,52599987,52273521,51869226,51517081,51353527,51214063,51077189,50948675,50760510,50583338,50450933,50294386,50267469,50188303,50032451,49910059,49780100,49640556,49510566,49410944,49342084,49046937,48551779,48484682,48544192,48488017,48368242
Switzerland,CHE,"Population, male",SP.POP.TOTL.MA.IN,2581188,2634953,2706397,2768612,2817732,2852729,2884863,2923076,2962212,2997435,3019595,3035263,3058016,3078825,3093265,3089698,3069779,3057543,3056362,3061787,3073998,3091788,3111336,3125614,3137708,3152706,3170046,3190802,3215295,3243118,3279419,3321633,3357974,3389086,3416337,3438795,3453366,3461536,3472045,3489759,3510334,3532614,3560724,3589358,3616152,3641621,3667017,3704392,3758140,3810007,3853210,3899835,3945368,3995302,4047989,4097673,4147468,4189963,4221838,4253116,4285901,4320579,4357730,4414290,4473753,4518296
Channel Islands,CHI,"Population, male",SP.POP.TOTL.MA.IN,53764,54233,54800,55410,56039,56680,57334,57992,58629,59239,59871,60505,61077,61586,62039,62427,62674,62769,62816,62853,62885,63145,63712,64385,65080,65790,66475,67104,67715,68358,69130,69699,69873,69954,70014,70032,70197,70568,70953,71319,71641,72081,72717,73394,74076,74764,75445,76120,76795,77467,78129,78762,79364,79926,80447,80836,81046,81255,81556,81877,82161,82402,82618,82826,83015,83162
Chile,CHL,"Population, male",SP.POP.TOTL.MA.IN,4094992,4178710,4262771,4347212,4431192,4514249,4596655,4678394,4759423,4840391,4921083,5001297,5081787,5162676,5243581,5324795,5406694,5489022,5571235,5653385,5736382,5819999,5904124,5990376,6079377,6171461,6267100,6367051,6471188,6578587,6689387,6801566,6911900,7019948,7126034,7230587,7333069,7431499,7528225,7622824,7713694,7802404,7887814,7969843,8050167,8129901,8209190,8289657,8372794,8457837,8543399,8628448,8712256,8796396,8885067,8976465,9085689,9230995,9397629,9549157,9633238,9672367,9717972,9770154,9823449,9871188
China,CHN,"Population, male",SP.POP.TOTL.MA.IN,341011330,337310877,339877862,348167169,356198706,364646229,374829786,384485211,394580628,405501096,416835310,428444433,439112280,449252980,458604540,466728314,473959602,480410995,486817376,493295797,499472148,505869564,513347110,520796989,527661546,534909219,542972673,551837452,560909187,569723655,578352840,586507148,593915998,600951517,607940432,614729283,621344315,627871814,634060140,639715135,644931057,649783015,654286852,658502230,662546994,666566056,670397796,674017492,677590179,681059114,684433912,688232696,692938430,697569984,701947368,705965479,709903858,714009290,717099161,719412319,720786535,721006989,720456300,719169536,717753173,716046014
Cote d'Ivoire,CIV,"Population, male",SP.POP.TOTL.MA.IN,1855746,1926803,2003567,2084675,2169132,2256789,2347732,2442174,2540713,2645810,2760807,2887383,3025076,3171537,3324929,3484792,3628302,3757132,3894952,4042181,4199333,4365241,4538800,4718939,4905419,5097934,5295593,5498186,5707462,5926878,6158776,6403080,6658849,6924480,7198195,7480660,7772492,8073712,8381406,8656027,8895207,9133072,9369369,9603509,9836981,10072183,10309923,10550398,10815156,11105397,11401454,11702300,12001380,12294107,12612624,12966286,13331786,13697423,14056256,14413901,14767493,15121701,15491846,15869633,16246681,16628362
Cameroon,CMR,"Population, male",SP.POP.TOTL.MA.IN,2521567,2548816,2592515,2652264,2713798,2777731,2844763,2915534,2990633,3070383,3154560,3242885,3335104,3430846,3530024,3632494,3733590,3833470,3941733,4056078,4192846,4345358,4451785,4545385,4675431,4819002,4968768,5124504,5282136,5441504,5606417,5774413,5944334,6118130,6294468,6471770,6650450,6831176,7016578,7207708,7402949,7603274,7813274,8032587,8259516,8493481,8733151,8984300,9247586,9518543,9796361,10079150,10368264,10664978,10993641,11344974,11689960,12026768,12364936,12713836,13064540,13415332,13772296,14140585,14514341,14890229
"Congo, Dem. Rep.",COD,"Population, male",SP.POP.TOTL.MA.IN,7295596,7497749,7707028,7925614,8150882,8387727,8642597,8912269,9191085,9474515,9762123,10045139,10327120,10619668,10919558,11225093,11531247,11838837,12225428,12677459,13095531,13496498,13921537,14384023,14887311,15403826,15910958,16434517,16982527,17539725,18142432,18766357,19419833,20133451,21117459,22018611,22442600,22800082,23418903,24204204,24987038,25793297,26594994,27384570,28206336,29091169,30007351,30934868,31887904,32894105,33964787,35103738,36301648,37563541,38864907,40175367,41630029,43187408,44662433,46104700,47616599,49185125,50798301,52483883,54216832,55984510
"Congo, Rep.",COG,"Population, male",SP.POP.TOTL.MA.IN,523419,537176,551497,566474,582184,598649,615907,633922,652771,672527,693178,714808,737446,760972,785207,807140,826472,845928,865548,885200,904909,924828,944780,964418,988873,1018783,1049524,1081133,1113482,1146785,1180711,1215527,1251186,1289599,1329188,1367967,1407310,1436608,1466963,1507459,1567367,1628784,1668686,1716978,1777731,1843982,1915267,1987462,2054563,2138890,2229859,2303914,2369540,2428079,2487644,2548660,2611267,2675610,2741740,2808562,2876520,2946068,3017464,3091229,3166095,3241622
Colombia,COL,"Population, male",SP.POP.TOTL.MA.IN,7771209,8018493,8273498,8534320,8799798,9069523,9340471,9611124,9880746,10147043,10410304,10666932,10919767,11174927,11430947,11688282,11946933,12215636,12494975,12777886,13072046,13375805,13687577,14011464,14336946,14646940,14948029,15252450,15560724,15875265,16197632,16515771,16834498,17162346,17493607,17821401,18140058,18458959,18784170,19104954,19411115,19708939,20005151,20301319,20595401,20880218,21153219,21416887,21670024,21918269,22163441,22396798,22616962,22827016,23026431,23221563,23448707,23789069,24229130,24664044,25013101,25273270,25533693,25818556,26095271,26358472
Comoros,COM,"Population, male",SP.POP.TOTL.MA.IN,97546,99290,101037,102778,104511,106187,108038,110629,113828,117230,120865,124776,128977,133466,138233,143190,148239,153352,158463,163518,168418,173092,177770,182624,187625,192768,198026,203351,208732,214191,219671,224798,229261,233335,237344,241332,245349,249425,253578,258353,263993,270197,276779,282498,287906,294034,300233,306493,312871,319396,326068,332922,339950,347714,356095,364397,372617,380484,388069,395681,403523,411524,419558,427697,435815,443878
Cabo Verde,CPV,"Population, male",SP.POP.TOTL.MA.IN,99183,101823,105561,109740,114012,118406,122959,127698,132638,137764,142441,145386,146525,147106,147767,148543,149313,149964,150581,151203,152276,154314,156907,159522,162095,164663,167264,169885,172517,175360,179406,184359,189155,193815,198327,202642,206742,210698,214537,218247,222057,226100,230121,233959,237640,241215,244737,248191,251493,254591,256964,258083,258510,258836,259089,259335,259635,260042,260565,261208,261787,262888,264410,265691,266947,268154
Costa Rica,CRI,"Population, male",SP.POP.TOTL.MA.IN,667110,692568,718581,744888,771283,797632,823808,849711,875017,899982,924970,949880,974836,999969,1025647,1052147,1079577,1108070,1137648,1168470,1200417,1233343,1267410,1302645,1338975,1376260,1414077,1451961,1489780,1527647,1566169,1605438,1645103,1685020,1724969,1764885,1804514,1843493,1881776,1919392,1955690,1990209,2022714,2053493,2083366,2113180,2142452,2171084,2200182,2229289,2256689,2283070,2309765,2335593,2360755,2385764,2409720,2432341,2454074,2474298,2490812,2502349,2512039,2523133,2534728,2545669
Caribbean small states,CSS,"Population, male",SP.POP.TOTL.MA.IN,1262885,1291998,1320524,1350482,1379454,1406924,1433944,1460618,1487230,1513445,1537956,1561066,1580124,1594919,1608910,1622460,1635889,1649257,1662360,1675031,1687980,1700941,1713516,1726132,1738807,1752698,1767109,1779934,1792028,1803795,1814067,1825469,1839748,1854027,1868313,1884594,1901711,1918457,1934969,1951383,1967530,1983453,1999558,2015569,2029591,2013195,2023782,2035583,2047552,2057446,2069655,2082625,2094801,2107237,2119485,2131152,2142729,2153262,2177247,2195368,2198671,2207041,2215458,2225997,2234293,2241781
Cuba,CUB,"Population, male",SP.POP.TOTL.MA.IN,3697337,3769960,3845024,3923587,4004255,4085352,4165699,4244483,4322202,4400080,4478450,4556708,4631243,4699025,4760376,4815009,4862698,4903318,4937037,4964296,4986103,5007232,5036012,5072716,5111837,5152157,5194278,5238446,5285880,5335352,5383926,5426188,5459518,5486211,5505251,5519129,5531741,5543867,5555903,5567712,5578929,5589389,5599564,5610062,5619685,5626237,5628734,5627645,5624560,5620775,5616912,5613783,5611512,5608014,5600578,5593658,5586840,5575242,5561949,5546807,5530297,5497667,5461345,5438940,5416880,5393966
Curacao,CUW,"Population, male",SP.POP.TOTL.MA.IN,62026,62601,63688,64852,65935,66934,67583,68251,69260,70327,71327,72556,72609,72105,72710,72984,73005,72922,72261,71898,71863,72020,72608,73006,73264,73510,73363,72659,71479,70246,69384,68782,68417,68462,68475,68567,68958,69087,67739,65187,62389,60034,60006,61090,61987,63437,64953,66107,66798,67083,67778,68518,69074,70110,71262,72354,73213,73493,75288,75535,73891,73202,72912,73561,74232,74452
Cayman Islands,CYM,"Population, male",SP.POP.TOTL.MA.IN,3985,4072,4162,4258,4356,4454,4555,4663,4768,4870,5050,5346,5684,6026,6366,6704,7040,7372,7694,8018,8384,8793,9210,9632,10057,10485,10915,11350,11778,12226,12776,13410,14057,14714,15382,16061,16742,17417,18082,18744,19437,20151,20869,21585,22291,23002,23722,24450,25185,25929,26679,27467,28292,29112,29925,30727,31512,32283,33041,33786,34513,35243,35969,36676,37375,38063
Cyprus,CYP,"Population, male",SP.POP.TOTL.MA.IN,287604,292109,295306,298424,301233,304034,307154,310428,313728,317100,320598,324282,328178,330658,327902,324642,326559,330462,334432,338514,342751,347170,352209,358218,364609,370914,377172,383363,389444,395411,401277,407004,413083,421058,430327,439304,448074,456685,465146,473470,481676,489869,498433,507399,516457,525528,534596,543672,552752,561858,571052,580274,589502,598543,607316,616000,624634,633043,641146,649029,656652,663943,670825,677602,684248,690463
Czechia,CZE,"Population, male",SP.POP.TOTL.MA.IN,4658128,4649041,4666767,4688556,4716174,4741229,4761018,4775639,4785929,4794261,4774144,4757578,4776450,4803050,4835735,4870263,4903193,4933161,4960781,4986107,4992971,4992117,4999603,5004888,5009064,5013335,5016821,5020322,5024895,5028373,5015151,5003704,5010127,5017096,5021181,5020113,5015890,5011890,5008552,5004932,4992561,4976605,4970910,4973399,4978744,4989646,5007417,5040781,5086751,5119889,5138869,5152428,5161869,5166233,5174257,5187182,5199879,5216277,5236223,5259110,5273457,5178895,5261543,5356990,5377468,5369227
Germany,DEU,"Population, male",SP.POP.TOTL.MA.IN,33868735,34197790,34563618,34961655,35337334,35750080,36097322,36246579,36423965,36816441,37004156,37107044,37338340,37500521,37520167,37337003,37151482,37068518,37056538,37117879,37265366,37373283,37354157,37270389,37157453,37103828,37175791,37325446,37565434,37935632,38345535,38703110,39099256,39431574,39587975,39725382,39865113,39878878,39887197,39967258,40012676,40080182,40155137,40165960,40148878,40097557,40098225,40127064,40059906,39928618,39844741,39148009,39307033,39505086,39731726,40209411,40638749,40801842,40935223,41031295,41060242,41072019,41063119,41123242,41241620,41229442
Djibouti,DJI,"Population, male",SP.POP.TOTL.MA.IN,42584,44245,46168,48438,51071,53986,57045,60203,63472,67349,71856,76797,82311,88358,95384,103965,114303,126152,138770,150929,161514,170088,176982,183299,190522,199802,211582,225555,240559,259887,287836,313450,310829,304928,311175,314401,322070,333829,347622,360084,371669,383697,395834,404786,411031,417458,425642,434897,443866,453134,462375,471410,480386,489296,498099,506738,515247,523678,532032,540277,548317,556130,563858,571602,579313,586804
Dominica,DMA,"Population, male",SP.POP.TOTL.MA.IN,27362,27782,28183,28598,29032,29486,29970,30480,31020,31579,32099,32558,33002,33442,33871,34291,34694,35068,35406,35699,35928,35994,35895,35764,35629,35479,35306,35097,34864,34609,34303,34111,34138,34220,34276,34309,34315,34292,34238,34133,33959,33863,33941,34063,34161,34246,34316,34361,34383,34406,34425,34514,34545,34776,35035,35065,34773,34342,34194,34052,33900,33710,33498,33298,33102,32893
Denmark,DNK,"Population, male",SP.POP.TOTL.MA.IN,2271182,2287003,2304934,2322881,2341227,2358910,2377513,2396371,2410628,2424395,2446226,2465030,2477514,2491497,2500952,2505269,2509789,2516286,2522671,2527253,2528557,2525971,2522480,2519520,2517453,2518788,2523280,2527029,2528120,2529397,2533516,2540476,2549582,2559074,2568446,2582802,2598547,2610240,2620494,2629757,2639215,2649233,2658273,2666242,2673672,2681552,2691261,2704663,2722326,2737594,2749827,2761538,2772660,2785446,2801573,2824417,2848991,2868222,2882655,2892868,2900774,2913810,2935909,2955957,2970888,2987146
Dominican Republic,DOM,"Population, male",SP.POP.TOTL.MA.IN,1646978,1699347,1752633,1806786,1861912,1916182,1971698,2030219,2089306,2149156,2210203,2272608,2336398,2401576,2467589,2533909,2600762,2668319,2736588,2805617,2875436,2945240,3014637,3084710,3155539,3226066,3296249,3366632,3437907,3510794,3584759,3658555,3731765,3804691,3877631,3950220,4021960,4091825,4159171,4226245,4294340,4361464,4426511,4489829,4551209,4610699,4668382,4725305,4783565,4843755,4904853,4965802,5026206,5085957,5145013,5203140,5259814,5315838,5371949,5426421,5480943,5535229,5586214,5634533,5681194,5726179
Algeria,DZA,"Population, male",SP.POP.TOTL.MA.IN,5765859,5876170,5986357,6105998,6241999,6377641,6512386,6657199,6807720,6961928,7118513,7278887,7445681,7620327,7803948,8087808,8476719,8794104,9041577,9309759,9599575,9912513,10246235,10599379,10968693,11350883,11733256,12092639,12433630,12762969,13078798,13389419,13717909,14054099,14370989,14674880,14970666,15260838,15505040,15712154,15925099,16136100,16342428,16551159,16774177,17011030,17264374,17545719,17861443,18202087,18554453,18914428,19287278,19672215,20068367,20476385,20894164,21316231,21724797,22118793,22490324,22848428,23206874,23549235,23874384,24186841
East Asia & Pacific (excluding high income),EAP,"Population, male",SP.POP.TOTL.MA.IN,454862779,454340283,460179251,471877335,483404885,495199584,508687371,521866231,535586878,550219333,565232746,580524121,594934913,608830540,621904762,633679898,644597514,654829263,665089891,675562010,685913090,696611602,708542035,720626526,732219117,744131337,756732683,770123068,783762801,797137837,810359102,823126528,835154897,846842857,858442558,869875263,881142682,892333960,903138304,913115766,922422192,931316640,939746668,947826116,955660556,963445146,971160164,978892367,986610104,994137103,1001651581,1009607681,1018544948,1027373928,1035761303,1043624296,1051317520,1059078090,1065570928,1071111969,1075525813,1078396813,1080388471,1081763112,1082957035,1083784546
Early-demographic dividend,EAR,"Population, male",SP.POP.TOTL.MA.IN,494797294,507743475,521033013,534620927,548589717,562447481,576226485,590611907,605368811,620319487,635770061,650963738,666512886,683174945,700319646,717956551,735900608,754120958,772464066,791590503,811922312,833489560,855633314,877775678,900165653,922817960,945780338,969043902,992576337,1016256582,1041490361,1065888439,1089478139,1112896369,1135136509,1157383334,1181134871,1205115701,1229089828,1252810372,1276676345,1300685911,1323905288,1346970372,1370569464,1393923629,1417308355,1440531716,1463465660,1486494444,1509381064,1532812344,1555746941,1578424649,1600139416,1622125898,1643460090,1663677575,1683420438,1703640510,1724145527,1741747529,1760877278,1781101230,1801238401,1821333504
East Asia & Pacific,EAS,"Population, male",SP.POP.TOTL.MA.IN,527464714,528171869,535341253,548383530,561281947,574466252,589257932,603588654,618599783,634662776,651111761,668395186,684323573,699701063,714276842,727411553,739534449,750921941,762304732,773965084,785445070,797292292,810336836,823456878,835978306,848739797,862135859,876333809,890765837,904951868,918935474,932531102,945273157,957655088,969973142,982101812,994147789,1005977725,1017402315,1027880241,1037683535,1047105433,1055975685,1064391845,1072495148,1080512346,1088631838,1096895010,1105217954,1113157720,1121018981,1129227332,1138457553,1147542133,1156213600,1164370214,1172379602,1180394588,1187157051,1192961054,1197364625,1199689751,1201409970,1203185813,1204484598,1205145689
Europe & Central Asia (excluding high income),ECA,"Population, male",SP.POP.TOTL.MA.IN,60942278,62362804,63771820,65184858,66594701,67956141,69315631,70677621,72021799,73354389,74562200,75843360,77235261,78593503,79935270,81242997,82507109,83748079,84974147,86131583,87370310,88610962,89889772,91251370,92645657,94026931,95425321,96838156,98242761,99648480,100923648,101936244,102884276,103561903,104004295,104369123,104787260,105077201,105225166,105399032,105815485,106277842,106760390,107271524,107795553,108283354,108832736,109160488,109961351,110881020,111855598,112828779,113796405,114839557,115908107,116968238,118060201,119125008,120205932,121335239,122244896,123015391,122428039,121612940,122434958,123843804
Europe & Central Asia,ECS,"Population, male",SP.POP.TOTL.MA.IN,316554936,320573707,324663406,328773383,332881062,336855470,340341840,343735830,347030643,350364405,353219532,356102345,359430526,362626958,365649824,368472770,371218278,373918760,376616908,379269502,382083555,384793173,387225195,389643475,392156550,394690910,397335066,400124095,402811539,405457352,407797699,409827208,411699346,413216967,414233500,415054260,415791410,416275525,416674355,417120708,417550442,418058629,418825982,419931358,421158886,422334801,423661468,425018157,426865924,428598519,430266519,431455498,433364144,435213156,437152906,439346766,441617636,443521749,445353907,447257419,448235009,448689008,448758246,449108091,450966620,452900371
Ecuador,ECU,"Population, male",SP.POP.TOTL.MA.IN,2289142,2355254,2424067,2495591,2569941,2647162,2727269,2810155,2895717,2983787,3074155,3166742,3261439,3358099,3456528,3556589,3658213,3761471,3866418,3973048,4081849,4192665,4305172,4420086,4537678,4656325,4774182,4891158,5007131,5122766,5238654,5352836,5466469,5578274,5686942,5795705,5905520,6015260,6125003,6234605,6343673,6454328,6567993,6684584,6802233,6920222,7039369,7159809,7282106,7406566,7531114,7655261,7777938,7895413,8009667,8125597,8245438,8372918,8517638,8661859,8760001,8821568,8888825,8964951,9041130,9117014
"Egypt, Arab Rep.",EGY,"Population, male",SP.POP.TOTL.MA.IN,13504180,13853135,14220831,14598309,14981791,15366488,15753275,16144385,16541873,16945561,17348705,17751707,18164052,18585445,19020289,19477457,19943822,20428642,20944583,21483962,22062069,22673949,23318736,24024135,24771618,25532017,26285933,27043653,27828723,28620102,29520810,30389046,31141752,31886163,32588228,33286910,33987598,34700136,35475003,36286980,37085728,37884068,38686754,39500066,40316294,41129624,41923213,42696483,43472207,44273478,45104003,46048544,47092941,48189501,49290447,50313586,51327304,52358181,53361197,54305284,55193553,56026138,56867200,57830587,58840145,59760496
Euro area,EMU,"Population, male",SP.POP.TOTL.MA.IN,133365768,134622335,135892513,137195908,138526193,139857657,141048711,142061712,143063005,144194569,145159431,146096703,147190744,148213470,149085764,149779391,150388473,150993513,151616260,152282232,153056601,153748965,154149010,154458368,154695538,154969182,155364685,155860388,156451018,157119343,157810632,158479526,159176354,159841880,160271054,160634936,161024250,161302646,161616910,162052052,162506139,162948215,163673191,164551661,165458306,166296297,167124593,168079753,168902495,169395569,169736483,169399597,169791844,170048319,170328683,170884779,171460868,171820398,172226150,172691247,172944826,173062455,173550636,174336567,175057783,175606210
Eritrea,ERI,"Population, male",SP.POP.TOTL.MA.IN,478719,489903,501678,514000,526766,539947,552923,566265,580590,595361,610740,626759,642977,659370,675435,691019,708029,726620,745735,765449,786036,807558,829688,849311,866376,883740,901895,923183,947472,971313,993713,938654,879996,908808,937974,993900,1045729,1057713,1070295,1082137,1096507,1129129,1169826,1220522,1272943,1304622,1325992,1346093,1382874,1418871,1447728,1474564,1493996,1512848,1523405,1528741,1538459,1551427,1572793,1596682,1622323,1651920,1681805,1712524,1745353,1781275
Spain,ESP,"Population, male",SP.POP.TOTL.MA.IN,14792387,14940966,15087876,15229030,15388865,15563871,15730988,15932482,16148416,16314544,16503691,16710903,16904004,17100133,17306865,17514220,17708547,17899371,18079900,18245822,18396597,18532478,18649108,18743719,18824503,18894144,18950019,18996896,19033389,19057046,19068162,19112534,19208104,19310711,19405118,19492226,19574129,19657311,19741103,19823612,19914814,20055119,20359794,20765105,21162239,21560238,21952718,22389510,22771075,22967319,23052739,23111849,23097470,22981049,22885319,22850656,22852275,22891035,22983377,23144075,23260046,23299623,23464878,23740928,23982590,24226170
Estonia,EST,"Population, male",SP.POP.TOTL.MA.IN,534227,542520,552274,562344,572783,582895,591407,598157,605706,614101,622290,630941,639020,646120,652588,658561,664066,669710,674990,679368,684114,689564,695180,700619,705884,711273,717323,723874,729283,732996,734414,731179,716689,696948,681594,668943,658733,651239,645306,647717,651133,646694,642114,637689,633556,629786,626053,623129,621672,621055,620256,618933,617177,615557,614662,615923,617129,619342,623419,627522,629931,631170,640136,650852,652502,650456
Ethiopia,ETH,"Population, male",SP.POP.TOTL.MA.IN,10491324,10745347,11015348,11299740,11598451,11911358,12222850,12547078,12896201,13253698,13622111,13997912,14375586,14761778,15146698,15518758,15911881,16217471,16491740,16736586,16829297,17257966,17943256,18456011,18951059,19508029,20116078,20843357,21709888,22595268,23479140,24560664,25661676,26617513,27596139,28583540,29572110,30565784,31570831,32597938,33640493,34709319,35813001,36940037,38088967,39258804,40449674,41668087,42902254,44145198,45420163,46735469,48068955,49395636,50737959,52115091,53539959,55012166,56508480,58042248,59626568,61227788,62841233,64486162,66167290,67876104
European Union,EUU,"Population, male",SP.POP.TOTL.MA.IN,172117941,173670932,175257631,176905381,178606435,180248625,181748966,183156415,184503490,185930919,187124975,188261239,189636026,190950317,192145928,193214059,194188117,195127942,196048942,196971075,197983397,198904880,199527498,200039683,200471274,200935532,201509341,202168922,202893716,203642498,204384104,205027975,205699894,206412710,206880596,207251959,207609165,207844421,208114658,208496906,208707965,208971050,209487363,210290332,211147257,211941842,212742588,213608292,214357977,214823401,215138281,214902086,215317090,215575081,215875345,216464248,217078926,217492918,217947214,218457616,218497253,218208668,218706855,219569741,220261322,220730263
Finland,FIN,"Population, male",SP.POP.TOTL.MA.IN,2133477,2150133,2166063,2182464,2195586,2203867,2212921,2225454,2235921,2234786,2224998,2226928,2241497,2255590,2268000,2277992,2284290,2291084,2298294,2303859,2310882,2321211,2335213,2350048,2363216,2373514,2381814,2389345,2397093,2407039,2419481,2434639,2450164,2463743,2475947,2486709,2496180,2504887,2512633,2519599,2526248,2533557,2541371,2549037,2557593,2567286,2578114,2590345,2604302,2618447,2631847,2645603,2659707,2673597,2686203,2696751,2706952,2715752,2721217,2725782,2731048,2738486,2746486,2759480,2777737,2792143
Fiji,FJI,"Population, male",SP.POP.TOTL.MA.IN,209393,215423,221767,228433,235264,242243,249022,254975,260308,265476,270421,275108,279509,283589,287429,291305,295825,301802,308877,316211,323711,331413,339364,347551,355962,364497,372312,377961,382102,386020,389628,392910,395867,398464,400747,402823,405431,409746,415006,419993,424726,429254,433658,437966,442227,446449,450646,454597,457183,458461,459388,460003,460246,460254,460158,459885,459495,458613,457086,455233,454673,455108,456267,458652,460973,463127
France,FRA,"Population, male",SP.POP.TOTL.MA.IN,23024156,23283662,23537981,23787597,24048269,24284590,24499480,24702667,24902003,25134010,25399027,25667346,25912355,26143967,26330065,26445856,26540050,26648174,26753231,26859129,26991439,27146248,27236268,27363172,27472413,27586490,27711841,27851277,28003598,28165411,28313899,28451028,28586255,28700381,28796037,28888377,28981750,29077043,29201902,29366133,29552867,29755132,29959666,30161243,30370620,30584787,30796512,30993290,31167182,31328695,31487956,31639565,31793390,31961757,32107190,32205870,32293424,32396242,32514459,32632722,32745186,32868819,33041107,33139419,33232759,33315956
Faroe Islands,FRO,"Population, male",SP.POP.TOTL.MA.IN,17711,17959,18193,18440,18702,18984,19243,19440,19613,19779,19955,20177,20425,20674,20936,21199,21454,21689,21939,22218,22494,22769,23040,23300,23544,23830,24049,24339,24668,24978,24853,24671,24551,24086,23121,22538,22518,22799,23081,23331,23661,24136,24521,24904,25108,25110,25106,25122,25201,25333,25093,24888,24817,24845,24982,25245,25526,25885,26329,26771,27187,27583,27903,28134,28232,28342
"Micronesia, Fed. Sts.",FSM,"Population, male",SP.POP.TOTL.MA.IN,21889,22669,23477,24244,24958,25704,26488,27281,28089,28933,29823,30685,31513,32370,33257,34082,34858,35675,36665,37827,39019,40226,41455,42705,43968,45251,46548,47857,49005,49980,50941,51894,52942,54081,55058,55569,55721,55801,55837,55873,56000,56172,56231,56159,55973,55697,55318,54846,54336,53804,53569,53645,53737,53846,53981,54135,54309,54507,54710,54888,55187,55517,55739,55975,56217,56456
Gabon,GAB,"Population, male",SP.POP.TOTL.MA.IN,248121,250934,253969,257223,260680,264363,268312,272514,276979,282388,288578,294738,300958,307400,314183,321371,329022,337144,345720,354729,364178,374120,384530,395377,406640,418288,430330,442791,455658,468835,482265,495949,509884,524055,538380,552900,567702,582848,598457,614596,631439,649099,667617,687084,707736,729918,753833,779523,806924,836247,867784,901448,936678,972535,1007653,1040772,1071513,1100240,1128011,1155601,1182718,1209288,1235742,1262242,1288745,1315214
United Kingdom,GBR,"Population, male",SP.POP.TOTL.MA.IN,25312740,25534914,25789866,26012327,26197333,26373308,26523183,26668441,26797084,26908751,27025789,27157404,27263049,27323970,27352152,27360725,27358678,27346847,27345633,27373386,27407572,27411411,27395187,27431430,27498996,27548663,27597465,27667483,27599370,27525127,27606153,27686519,27796319,27899750,27973294,28058028,28143586,28227253,28320210,28428194,28548939,28682562,28826723,28981945,29166834,29386494,29624501,29881244,30143152,30395758,30663244,30931756,31173051,31401967,31660496,31919378,32204678,32399687,32571552,32755550,32827800,32958239,33290832,33735322,34114811,34225295
Georgia,GEO,"Population, male",SP.POP.TOTL.MA.IN,1721350,1749600,1777405,1804915,1831723,1857041,1871874,1876411,1879786,1884060,1897857,1919921,1939637,1957090,1974578,1989804,2005045,2019805,2032728,2048676,2067653,2087184,2107538,2128490,2148786,2169841,2191428,2211876,2236117,2245285,2245710,2258737,2272605,2284494,2243073,2154846,2072896,2002572,1948958,1904321,1862171,1828622,1809763,1799828,1793895,1787123,1780844,1774947,1772832,1760927,1752219,1741929,1732660,1730852,1733308,1735901,1736728,1736703,1735795,1732608,1733482,1727156,1729714,1731528,1777151,1835197
Ghana,GHA,"Population, male",SP.POP.TOTL.MA.IN,3558232,3652080,3728849,3807101,3887416,3971166,4057908,4147693,4240924,4340132,4451938,4575945,4707532,4844658,4986217,5131855,5281364,5436646,5598383,5765531,5935898,6109946,6291269,6479749,6646847,6791468,6942914,7104654,7278532,7464199,7659160,7857102,8057679,8262200,8462561,8660871,8862942,9075989,9300774,9531729,9776449,10044029,10328145,10614701,10903249,11196556,11495055,11798710,12105190,12414043,12722558,13034541,13355706,13683015,14011629,14339499,14670408,14996562,15311203,15621430,15934246,16247587,16560812,16877545,17194242,17509380
Gibraltar,GIB,"Population, male",SP.POP.TOTL.MA.IN,10425,10475,10691,11041,11396,11751,12099,12445,12784,13103,13393,13601,13747,13880,13991,14092,14189,14276,14352,14423,14478,14513,14537,14545,14523,14479,14403,14306,14200,14071,13913,13767,13733,13788,13832,13862,13878,13887,13885,13872,13841,13773,13847,14085,14320,14555,14780,14992,15196,15406,15614,15818,16008,16192,16390,16579,16808,17092,17385,17690,18015,18345,18714,19145,19575,19969
Guinea,GIN,"Population, male",SP.POP.TOTL.MA.IN,1768009,1798537,1830056,1862611,1896270,1931101,1967264,2004695,2043217,2082267,2120596,2157488,2192979,2227566,2261383,2294267,2326626,2359179,2392990,2429448,2469827,2514789,2564770,2619314,2678617,2743715,2814634,2890892,2970971,3052300,3163024,3296054,3406629,3515791,3626240,3732637,3843863,3919270,3987589,4077151,4153561,4195316,4252148,4349627,4442860,4528891,4621488,4729733,4846819,4967855,5092882,5222338,5353654,5487720,5628060,5776303,5931410,6089984,6252164,6420519,6592746,6766588,6943315,7122533,7301267,7477672
"Gambia, The",GMB,"Population, male",SP.POP.TOTL.MA.IN,196857,202334,207986,213812,219807,225976,232295,238863,245733,252852,260212,267875,275891,284214,292553,300962,309838,319244,329169,339672,350836,362394,374616,387901,403059,420112,438154,457185,477238,498380,520620,543835,567138,588608,607811,626111,644393,662860,681628,700750,720159,739916,760096,780936,802707,825528,849637,874923,901053,927966,955722,984485,1014346,1044926,1075505,1105721,1135527,1164889,1193734,1222459,1251981,1282181,1312497,1343260,1374334,1405315
Guinea-Bissau,GNB,"Population, male",SP.POP.TOTL.MA.IN,288960,291510,294799,296774,293029,285459,280640,280957,284825,285844,286555,286786,286312,288748,298473,316852,338009,361315,385744,399815,404514,410544,416762,423122,429613,436246,443014,449947,457118,464562,472089,482212,496729,513553,529874,543625,555307,566261,576981,587974,600123,613443,627531,642380,657878,674030,691044,709057,727785,747150,767354,788455,810363,832883,855698,878606,901568,924392,947166,970157,993130,1016116,1039679,1063795,1088010,1112293
Equatorial Guinea,GNQ,"Population, male",SP.POP.TOTL.MA.IN,131273,133722,136350,139147,142112,145253,148577,152075,155590,157239,156084,153487,150257,146754,143160,139643,136116,133912,133768,135296,139521,146669,155935,166393,177101,187406,196988,205887,214470,223075,231847,240872,250209,259904,270401,281822,293898,306663,320109,334217,353644,378509,404314,431163,459198,485230,509389,535116,562446,591288,621391,650850,679392,708474,737972,767639,797279,826744,855950,884853,908719,929916,952684,974877,997748,1021292
Greece,GRC,"Population, male",SP.POP.TOTL.MA.IN,4087727,4120728,4144988,4160205,4174921,4180201,4188395,4225923,4255746,4269662,4292741,4317033,4345475,4366434,4383611,4426338,4494415,4551111,4612270,4687145,4743858,4781498,4811186,4839431,4863905,4883061,4899396,4915719,4933354,4958886,5011004,5072080,5113295,5145916,5174107,5200754,5225628,5253263,5284744,5307303,5330938,5360299,5380500,5392323,5403568,5416611,5427832,5434398,5440579,5446255,5444087,5424661,5379893,5323415,5273218,5227181,5202575,5194991,5188126,5190618,5184802,5120960,5055188,5040844,5040124,5046070
Grenada,GRD,"Population, male",SP.POP.TOTL.MA.IN,44938,45693,46329,46852,47245,47504,47629,47690,47779,47916,48082,48232,48304,48284,48197,48039,47813,47538,47213,46836,46389,46191,46423,46762,47082,47443,47849,48289,48752,49231,49727,50222,50708,51181,51644,52099,52546,52992,53447,53905,54367,54701,54936,55209,55468,55708,55937,56158,56370,56575,56765,56989,57280,57584,57853,58064,58223,58306,58360,58428,58550,58680,58735,58747,58755,58766
Greenland,GRL,"Population, male",SP.POP.TOTL.MA.IN,16625,17300,18042,18835,19516,20394,21149,21996,22899,23810,24728,25237,25878,26310,26635,26751,26865,26755,26688,26939,27279,27712,27985,28319,28662,28938,29087,29398,29754,29985,30078,29929,29727,29589,29666,29795,29869,29941,30010,30021,30059,30138,30227,30282,30329,30318,30210,30069,29931,29911,29996,30163,30104,29897,29761,29648,29681,29667,29581,29675,29736,29873,29859,29936,29884,29844
Guatemala,GTM,"Population, male",SP.POP.TOTL.MA.IN,2080939,2143254,2207132,2271997,2337969,2405310,2473543,2542570,2612072,2681131,2750460,2820532,2892206,2966137,3040337,3113317,3179840,3249031,3327807,3409103,3492360,3575515,3648655,3730047,3832400,3939220,4046786,4156371,4271047,4389664,4511154,4631394,4752217,4877025,5005961,5138533,5271731,5406758,5545359,5685292,5820706,5954733,6091516,6228913,6367420,6505127,6642626,6782532,6921788,7059729,7199889,7344104,7491294,7638663,7784435,7928078,8075277,8223378,8361649,8489879,8613994,8730024,8851469,8989012,9129191,9269231
Guam,GUM,"Population, male",SP.POP.TOTL.MA.IN,41235,42006,42868,43743,44616,45489,46355,47193,48010,48815,49626,50437,51249,52054,52852,53629,54390,55157,55929,56727,57856,59383,61003,62613,64210,65815,67437,69076,70724,72402,73823,74834,75713,76559,77372,78158,78906,79634,80361,81100,81831,82471,83010,83469,83846,84158,84425,84665,84900,85155,85319,85285,85121,84875,84570,84211,83804,83358,82877,82361,82450,83157,83818,84416,84988,85537
Guyana,GUY,"Population, male",SP.POP.TOTL.MA.IN,284021,291027,297369,303806,310318,316905,323573,330314,337149,344084,350209,355099,359519,363699,367557,371108,374409,377471,380296,382890,384901,385810,385803,385250,384209,382743,380902,378760,376377,373810,371135,369981,371132,372998,374776,376409,377822,379010,380003,380786,381302,381460,381363,381135,380570,379600,378445,377226,375935,374507,372894,371129,370380,370840,371563,372499,373583,374785,387895,396396,394212,397649,400371,402457,404584,406822
High income,HIC,"Population, male",SP.POP.TOTL.MA.IN,437934341,443643388,449459819,455231797,461010893,466595127,471518943,476164455,480763005,485550643,490228326,495779265,500870156,505760838,510504019,515035865,519369518,523724218,528129852,532716158,537241288,541734887,545890356,549846231,553711969,557596704,561623481,565840232,569976578,574213312,578184725,582606211,587166977,591407605,595269045,598949536,602627361,606158920,609677202,613108057,616438280,619817432,623228806,626724582,630379500,634016167,638212679,643035017,647980588,652208639,655165446,658587140,663149832,667641074,671795609,676767778,681555925,684791763,686989403,689452139,691318874,690224550,693625089,698871409,703970168,707077804
"Hong Kong SAR, China",HKG,"Population, male",SP.POP.TOTL.MA.IN,1577514,1614170,1684899,1744523,1781388,1824131,1839004,1889379,1931562,1955028,1996623,2039674,2085155,2151912,2227985,2277577,2313283,2353659,2403271,2545060,2620830,2683495,2717780,2750264,2768919,2790737,2818691,2841539,2860168,2884657,2888641,2904613,2917786,2956779,3012880,3062339,3189528,3203041,3216524,3234014,3249168,3258683,3257289,3234544,3243141,3240425,3245071,3258421,3264042,3256807,3265875,3273857,3298900,3301809,3313807,3330366,3340644,3359275,3380177,3398163,3378536,3344789,3313817,3397208,3389467,3375085
Honduras,HND,"Population, male",SP.POP.TOTL.MA.IN,1034018,1063758,1094346,1125941,1158628,1192461,1227427,1263561,1300985,1339870,1380387,1422665,1466750,1511915,1556155,1602939,1654165,1706912,1761020,1816509,1873338,1931330,1990395,2050561,2111789,2174024,2237384,2302003,2367946,2435578,2505574,2577990,2652603,2729268,2808025,2889069,2972172,3056922,3140044,3224721,3314481,3405758,3497403,3588783,3679828,3770614,3860878,3950828,4040649,4130183,4218983,4307051,4394931,4482584,4569951,4657396,4745211,4833257,4921871,5011091,5098597,5182860,5269396,5359700,5449967,5539889
Heavily indebted poor countries (HIPC),HPC,"Population, male",SP.POP.TOTL.MA.IN,81032510,82987912,85026786,87150813,89363155,91667842,94052770,96544887,99157565,101880317,104702544,107581281,110478731,113529311,116727283,119969598,123273293,126556004,130136409,133864855,137090132,140094825,143623140,147624162,151722120,155914106,160202556,164704150,169392312,174214242,178984174,183846129,189391004,195561289,201612374,207569950,213628001,219673836,226009240,232536753,238969390,245561248,252787122,260334114,267844551,275612780,283656173,291646641,299957258,308636144,317388037,326440874,335805610,345480329,355584089,365922224,376673714,387923257,399219190,410498858,421993952,433516136,444918168,456547266,468568774,480982097
Croatia,HRV,"Population, male",SP.POP.TOTL.MA.IN,1941758,1957415,1975720,1994127,2011521,2029105,2047253,2064247,2080398,2095672,2108360,2119968,2131261,2142378,2153621,2164951,2177039,2188684,2199088,2205603,2207986,2213745,2224795,2236240,2246545,2256476,2266087,2275055,2282801,2289027,2294230,2251550,2196628,2208273,2233109,2217917,2188073,2177921,2177102,2168295,2147477,2066635,2067466,2067465,2068175,2071227,2072489,2073182,2073646,2072143,2067929,2060392,2050452,2038201,2023071,1999343,1977881,1946474,1921132,1902289,1885719,1869094,1858433,1861175,1864999,1870524
Haiti,HTI,"Population, male",SP.POP.TOTL.MA.IN,1877608,1912217,1947855,1983302,2019659,2058030,2097119,2137051,2178035,2219932,2262793,2306912,2352364,2399012,2446843,2495879,2546008,2597180,2649456,2702805,2757239,2812961,2870278,2929131,2989495,3051609,3115514,3181291,3249095,3318674,3389807,3461507,3533218,3605167,3677107,3749570,3822965,3897093,3971640,4046677,4122966,4199617,4275598,4351730,4426857,4502158,4579322,4657051,4735059,4813660,4872137,4929397,5005575,5080399,5154152,5227303,5299422,5370387,5440296,5509161,5575373,5637251,5698315,5761588,5825356,5888154
Hungary,HUN,"Population, male",SP.POP.TOTL.MA.IN,4816020,4840681,4859256,4874667,4892359,4908141,4925429,4946395,4967631,4990568,5010555,5024365,5039005,5055332,5078119,5108487,5137183,5161172,5178529,5187309,5188326,5184404,5177083,5164759,5149053,5134464,5121175,5108347,5096500,5036912,4980697,4976423,4970002,4959193,4947215,4935489,4923029,4909694,4894343,4876531,4860364,4846265,4829677,4813185,4800502,4790720,4783639,4776001,4767829,4761394,4751721,4740985,4720179,4699778,4683419,4670403,4655886,4644103,4640937,4641871,4634198,4617399,4607131,4602840,4591499,4572050
IBRD only,IBD,"Population, male",SP.POP.TOTL.MA.IN,951419298,962424398,979976583,1003571651,1027204302,1050934531,1075904125,1100862332,1126467999,1152961434,1180168022,1207946881,1235267383,1262540770,1289497579,1315937326,1342002596,1367654600,1393403886,1419513210,1446077706,1473573653,1502492310,1531542043,1560568913,1590036713,1620283043,1651393600,1682710936,1713770494,1744364395,1773947359,1802133053,1829883628,1856750314,1882881795,1909015149,1935211945,1961600594,1987331614,2012198538,2036518000,2060008974,2083246451,2106706224,2129886914,2152673374,2174635206,2197003138,2219865818,2242953707,2266631999,2291504250,2316800330,2341412154,2364681658,2387095349,2409082827,2429540916,2448393873,2464536866,2477304746,2488221252,2499614390,2512595717,2525453759
IDA & IBRD total,IBT,"Population, male",SP.POP.TOTL.MA.IN,1151134024,1167118294,1189859337,1218840331,1248061194,1277592818,1308544020,1339693469,1371721896,1404828957,1438716086,1472788252,1506611248,1541213960,1575771267,1609792134,1643494758,1676932539,1710890620,1745759636,1781340938,1817942629,1856422695,1895385652,1934343031,1974066770,2014884307,2056834631,2099132390,2141379044,2183379255,2224566830,2264843138,2305243910,2344868870,2383945694,2423274425,2462692300,2502443464,2541607704,2580121536,2618367100,2656059937,2693745207,2731794698,2769815116,2807951183,2845766833,2884188556,2923263998,2962833880,3003201990,3044605042,3085619901,3126339540,3166037820,3205491015,3245213333,3284075639,3321999310,3357711699,3390066523,3420278303,3451168411,3484135667,3517470790
IDA total,IDA,"Population, male",SP.POP.TOTL.MA.IN,199714726,204693896,209882754,215268680,220856892,226658287,232639895,238831137,245253897,251867523,258548064,264841371,271343865,278673190,286273688,293854808,301492162,309277939,317486734,326246426,335263232,344368976,353930385,363843609,373774118,384030057,394601264,405441031,416421454,427608550,439014860,450619471,462710085,475360282,488118556,501063899,514259276,527480355,540842870,554276090,567922998,581849100,596050963,610498756,625088474,639928202,655277809,671131627,687185418,703398180,719880173,736569991,753100792,768819571,784927386,801356162,818395666,836130506,854534723,873605437,893174833,912761777,932057051,951554021,971539950,992017031
IDA blend,IDB,"Population, male",SP.POP.TOTL.MA.IN,63650063,65256969,66947002,68721837,70560166,72466386,74437441,76456681,78541179,80708574,82955733,85215036,87548772,90040379,92649869,95384604,98224565,101181969,104237987,107497863,111375644,115472557,119317791,122986938,126622795,130523302,134628350,138841719,143150958,147540699,152114897,156753386,161141903,165507920,170016739,174672836,179503364,184384873,189346650,194304795,199461717,204835928,210020272,215255553,220760702,226328122,232013576,238103097,244422230,250830398,257332639,263704994,269787062,275601745,281371415,287080665,292727073,298540778,304535123,310597921,316820700,323160322,329390394,335448047,341605832,347989080
Indonesia,IDN,"Population, male",SP.POP.TOTL.MA.IN,43939874,45189003,46484927,47827938,49223079,50444817,51607147,52964940,54420114,55947253,57510442,59090198,60684033,62299588,63924399,65560534,67218065,68893198,70603014,72349121,74117302,75899883,77702584,79523573,81347153,83134840,84858256,86549349,88246621,89946117,91622838,93292561,94958354,96620149,98294845,99977595,101670730,103370364,105047419,106665884,108231132,109769637,111293086,112801378,114274956,115781562,117351072,118935475,120510948,122069952,123641334,125252610,126895691,128498712,130033009,131513675,132946469,134322386,135637607,136916976,138073249,139031455,140070494,141255767,142407916,143527524
IDA only,IDX,"Population, male",SP.POP.TOTL.MA.IN,136064663,139436927,142935752,146546843,150296726,154191901,158202454,162374456,166712718,171158949,175592331,179626335,183795093,188632811,193623819,198470204,203267597,208095970,213248747,218748563,223887588,228896419,234612594,240856671,247151323,253506755,259972914,266599312,273270496,280067851,286899963,293866085,301568182,309852362,318101817,326391063,334755912,343095482,351496220,359971295,368461281,377013172,386030691,395243203,404327772,413600080,423264233,433028530,442763188,452567782,462547534,472864997,483313730,493217826,503555971,514275497,525668593,537589728,549999600,563007516,576354133,589601455,602666657,616105974,629934118,644027951
Isle of Man,IMN,"Population, male",SP.POP.TOTL.MA.IN,22422,22201,22316,22549,22793,23042,23401,23939,24568,25220,25900,26524,27036,27518,27999,28445,28865,29286,29713,30149,30584,30861,30925,30916,30880,30829,30995,31474,32045,32630,33221,33694,33995,34237,34462,34663,34973,35442,35959,36480,36982,37460,37916,38354,38782,39204,39653,40135,40630,41133,41644,41911,41867,41746,41603,41435,41364,41447,41553,41623,41663,41670,41675,41683,41666,41627
India,IND,"Population, male",SP.POP.TOTL.MA.IN,224897757,230447351,236052757,241706792,247474637,253125773,258584128,264192794,269901346,275587949,281785460,288103704,294479844,301203106,308263236,315742315,323365537,331199079,338986458,347037463,355512997,364008144,372616981,381443629,390484745,399637317,408901979,418255953,427700589,437296119,447021579,456777992,466595269,476502894,486384161,496344700,506445347,516593457,526785191,536988171,547253435,557645082,567873061,577829968,587765466,597426194,606815988,615977570,624851766,633887204,643098086,652190185,661116668,669876677,678266110,686298737,694417091,702419096,710050159,717351064,724175467,729924103,735531456,741883264,748323427,754775449
Not classified,INX,"Population, male",SP.POP.TOTL.MA.IN,,,,,,,,,,,,,,,,,,,,,,,,,,,,,,,,,,,,,,,,,,,,,,,,,,,,,,,,,,,,,,,,,,
Ireland,IRL,"Population, male",SP.POP.TOTL.MA.IN,1422736,1419517,1425027,1433339,1440314,1445543,1451147,1458026,1464644,1473007,1485012,1502441,1525272,1550263,1576461,1602951,1627645,1650158,1673732,1695546,1714374,1733501,1748329,1759101,1768560,1769741,1768456,1765878,1754762,1745577,1747103,1757875,1770265,1778951,1784698,1792496,1806276,1824445,1843977,1865458,1891482,1922138,1954025,1986486,2026280,2076244,2137735,2199990,2240067,2256974,2264961,2271546,2278841,2289733,2304647,2326161,2357196,2389860,2425590,2464674,2495456,2530300,2580981,2629473,2671018,2714870
"Iran, Islamic Rep.",IRN,"Population, male",SP.POP.TOTL.MA.IN,10995827,11337834,11694090,12065441,12453651,12857831,13271398,13687787,14107832,14539697,14988548,15443904,15903518,16376573,16868835,17394169,17933976,18500096,19116645,19782459,20500870,21670995,22902221,23770339,24639166,25524040,26438828,27347327,28192384,28988495,29816071,30609768,31197796,31295335,31341458,31671315,31995995,32360978,32786211,33234113,33706229,34208673,34476479,34911989,35781536,36700649,37608743,38249028,38662380,39096913,39544583,39994680,40473403,40996659,41544502,42109315,42709537,43317276,43861795,44325041,44652495,45006117,45529146,46061602,46532057,46947484
Iraq,IRQ,"Population, male",SP.POP.TOTL.MA.IN,3463683,3548030,3656166,3782027,3911898,4047523,4188521,4335428,4489038,4648994,4816418,4989522,5168120,5353539,5540668,5728483,5921993,6126690,6340820,6552341,6762072,6961005,7149632,7355685,7579568,7755292,7940038,8152782,8334007,8551414,8656059,8747710,9015455,9466935,9937880,10285101,10628020,10971885,11332870,11716556,12118085,12512852,12925102,13328425,13717305,14131738,14234444,14118889,14408603,14958799,15462978,16032329,16790539,17615561,18261598,18779104,19240431,19678203,20151959,20627994,21099579,21586716,22099525,22614115,23111081,23613299
Iceland,ISL,"Population, male",SP.POP.TOTL.MA.IN,88684,90475,92187,93864,95529,97181,98858,100503,101918,102848,103366,104176,105683,107288,108764,110135,111179,111950,112767,113844,115012,116295,117847,119327,120501,121376,122183,123501,125457,126996,127926,129331,130915,132265,133409,134090,134760,135824,137253,138866,140756,142648,143854,144831,146273,149171,153871,158719,161466,160984,159954,160164,160876,162352,164227,166203,169122,174287,180191,184861,187964,190908,195691,197459,197910,201062
Israel,ISR,"Population, male",SP.POP.TOTL.MA.IN,1063395,1097482,1150699,1193257,1240851,1284261,1316468,1373628,1401713,1437687,1485056,1531375,1570031,1634642,1683993,1722823,1761588,1801425,1839785,1887644,1933560,1972642,2010308,2047596,2074917,2111528,2143679,2177830,2213670,2250945,2318259,2456240,2538677,2604731,2670547,2739300,2809925,2881297,2948194,3024108,3104888,3178942,3243836,3303543,3363254,3423826,3485640,3548837,3613267,3701984,3771588,3843181,3916145,3991328,4070178,4153033,4237046,4322447,4409260,4497069,4579637,4659605,4754582,4901890,4980211,5042250
Italy,ITA,"Population, male",SP.POP.TOTL.MA.IN,24345379,24499041,24665708,24854079,25068368,25290275,25496878,25690965,25862619,26016439,26161791,26292635,26444768,26621969,26793468,26949005,27077124,27184141,27270986,27338635,27419083,27481900,27499319,27503635,27504356,27507168,27504240,27503286,27512281,27526554,27542415,27554086,27565727,27576776,27543758,27535983,27568236,27576475,27574309,27567846,27574847,27590249,27648965,27809474,28032605,28207948,28322823,28491099,28705028,28864720,28981778,29075788,29165574,29241651,29259381,29235207,29215253,29204796,29184065,29130883,28998396,28862431,28813924,28810786,28813102,28814684
Jamaica,JAM,"Population, male",SP.POP.TOTL.MA.IN,784885,797439,810231,823312,836591,849476,861698,873497,885038,896746,909246,922438,936331,951279,966318,980604,994181,1007039,1019505,1032294,1045951,1060701,1076496,1092735,1108313,1121975,1133235,1142591,1151096,1159719,1169297,1180435,1193311,1207130,1220902,1234380,1247457,1259992,1271680,1282364,1291943,1300709,1309197,1317547,1325562,1333057,1339955,1346234,1351956,1357428,1363046,1368889,1374777,1380361,1385344,1389648,1393180,1395853,1397648,1398755,1401936,1404823,1404988,1404742,1403966,1402540
Jordan,JOR,"Population, male",SP.POP.TOTL.MA.IN,436853,459339,481228,503731,529707,562287,602615,650077,701899,753432,800533,841488,877175,909907,941388,972239,1002696,1034002,1067196,1103265,1144460,1191307,1243311,1299891,1360029,1423657,1490817,1561266,1635552,1715456,1873589,2047791,2167566,2291588,2410126,2513010,2595709,2661080,2716625,2768838,2820229,2872657,2928268,2989005,3058414,3132320,3336084,3540719,3621982,3697653,3775114,3867150,3919531,4133022,4557937,4951939,5188008,5302585,5417196,5522154,5618293,5718054,5812290,5903251,5957377,5934489
Japan,JPN,"Population, male",SP.POP.TOTL.MA.IN,45305600,45736728,46197746,46707706,47242057,47791304,48281804,48842286,49446083,50096571,50730182,51933051,52758949,53569167,54322653,55038241,55645504,56202026,56729827,57225003,57691379,58119687,58521440,58925062,59301778,59666791,59979572,60263940,60509071,60743526,60937748,61164619,61371225,61549791,61702062,61827390,61948183,62075148,62220021,62307703,62386184,62508467,62622176,62722148,62707798,62675164,62677599,62716772,62713467,62671554,62649708,62512793,62402451,62301670,62208573,62138522,62105698,62049687,61966362,61875900,61682937,61380214,61088674,60771087,60480020,60151475
Kazakhstan,KAZ,"Population, male",SP.POP.TOTL.MA.IN,4552543,4704282,4858336,5013127,5164873,5311374,5454133,5596588,5738559,5871538,5997419,6124873,6253118,6376198,6494483,6612808,6751011,6910771,7072025,7158065,7205616,7289611,7374345,7462072,7554041,7650794,7773587,7914357,8045922,8157006,8238951,8304192,8332411,8302407,8183435,8021343,7851965,7645594,7426016,7316265,7336216,7372863,7412497,7459283,7516157,7581581,7655343,7739868,7837296,7942051,8048620,8160108,8278128,8402375,8532339,8667148,8808359,8954451,9111411,9283243,9452899,9601078,9748452,9897043,10029906,10156785
Kenya,KEN,"Population, male",SP.POP.TOTL.MA.IN,3815019,3958173,4110971,4272422,4442417,4622033,4809431,5003778,5205466,5413745,5626219,5834132,6040420,6252380,6467416,6685596,6905979,7138925,7388850,7649400,7925671,8214703,8514632,8832443,9164451,9505574,9853165,10207834,10574995,10952983,11337559,11712618,12078720,12444539,12814002,13187141,13560772,13942952,14339585,14765835,15224637,15717172,16226686,16742084,17276859,17822201,18379151,18947276,19533328,20135424,20730324,21308755,21871029,22416778,22944358,23456597,23976290,24499409,24995719,25485390,25983597,26473100,26980543,27517012,28056072,28596556
Kyrgyz Republic,KGZ,"Population, male",SP.POP.TOTL.MA.IN,1042557,1083545,1121788,1161513,1201946,1240690,1281392,1321739,1362414,1400552,1433197,1464529,1497545,1530405,1565426,1599691,1632974,1665856,1697871,1730707,1763741,1798238,1835321,1875259,1908905,1934054,1959464,1984897,2007106,2043862,2086620,2124556,2152481,2154648,2154510,2175699,2205239,2233722,2263133,2295191,2326571,2354484,2382258,2413864,2450078,2485098,2525097,2567947,2610732,2656158,2697679,2741344,2799023,2865849,2933379,3002245,3068637,3129545,3193307,3263531,3329323,3389069,3449173,3510290,3570063,3629223
Cambodia,KHM,"Population, male",SP.POP.TOTL.MA.IN,2735442,2796607,2860247,2923374,2985308,3048589,3113209,3178834,3245479,3313574,3321790,3295495,3305197,3321654,3327149,3193601,2935063,2681733,2431436,2352589,2403212,2445332,2521037,2620678,2724974,2824140,2948258,3092039,3223434,3359342,3520593,3687700,3907377,4161079,4460514,4824125,5189722,5548831,5780993,5888998,5992837,6096565,6200467,6303710,6406267,6509662,6616551,6725386,6837984,6953160,7065974,7177648,7289438,7402332,7515814,7629180,7744218,7854501,7954395,8057385,8180637,8306910,8421853,8533951,8642987,8749635
Kiribati,KIR,"Population, male",SP.POP.TOTL.MA.IN,23238,23847,24479,25130,25802,26503,26989,27244,27485,27870,28409,28942,29469,29953,30160,30101,29994,29849,29695,29847,30304,30770,31250,31741,32245,32864,33621,34408,35201,36007,36785,37482,38090,38658,39212,39788,40444,41154,41856,42538,43237,44062,45008,45957,46894,47840,48791,49775,50814,51901,52962,53831,54519,55157,55758,56367,57121,57987,58859,59751,60859,62041,63132,64231,65279,66306
St. Kitts and Nevis,KNA,"Population, male",SP.POP.TOTL.MA.IN,25643,25491,25149,24734,24270,23768,23231,22660,22055,21368,20876,20752,20735,20721,20709,20700,20692,20681,20663,20620,20574,20552,20521,20471,20410,20341,20264,20180,20088,19986,19876,19887,20099,20391,20683,20980,21276,21572,21880,22205,22549,22813,22924,22971,23003,23022,23047,23072,23089,23084,22999,22985,23038,23020,22992,22948,22893,22831,22758,22681,22589,22483,22415,22408,22423,22434
"Korea, Rep.",KOR,"Population, male",SP.POP.TOTL.MA.IN,12587784,12970981,13357422,13747229,14124764,14500880,14872206,15215634,15564634,15912742,16256729,16584379,16914521,17234129,17553266,17871063,18162195,18439423,18713813,18992493,19285387,19582008,19879262,20169406,20417687,20621867,20841605,21070059,21301793,21540974,21781913,22016794,22258117,22501078,22747545,22996303,23227749,23450911,23626023,23802243,24010410,24188087,24306978,24413705,24492190,24524772,24636227,24747386,24923739,25041620,25153809,25305966,25372267,25422026,25517037,25592311,25658061,25713287,25808281,25881248,25892321,25836875,25785791,25813829,25830846,25783559
Kuwait,KWT,"Population, male",SP.POP.TOTL.MA.IN,185646,207731,232054,258188,285875,315033,343843,372611,403501,435438,466201,494813,522890,551992,582819,616635,659488,710717,763897,817369,868818,915624,960153,1006257,1048491,1088781,1130827,1172734,1215404,1258721,952998,760174,917807,942993,949178,967034,999558,1036110,1072252,1107952,1143130,1177683,1211472,1244303,1275901,1320684,1385706,1457171,1528877,1601004,1675765,1785282,1912336,2019550,2128009,2252760,2387825,2521594,2662147,2740088,2681545,2645375,2802181,2968226,2992868,2971432
Latin America & Caribbean (excluding high income),LAC,"Population, male",SP.POP.TOTL.MA.IN,100625989,103474009,106417388,109438438,112523097,115655147,118826802,122032406,125266968,128533144,131821745,135144691,138519901,141939839,145393992,148880283,152404775,155994837,159658932,163362706,167096299,170806105,174501789,178265523,182075060,185883175,189677824,193467181,197266845,201063637,204876709,208666807,212423686,216155669,219850721,223538694,227198503,230834307,234477156,238084838,241577886,244964923,248276262,251507577,254673862,257799645,260889008,263965503,267017198,270016333,272954636,275880523,278799911,281681708,284511594,287251144,289891536,292412571,294781720,297020694,298999339,300572703,302260993,304307196,306395014,308428468
Lao PDR,LAO,"Population, male",SP.POP.TOTL.MA.IN,1048890,1072870,1098050,1123618,1149181,1175563,1202693,1230773,1259938,1290107,1321406,1353831,1387353,1421887,1457050,1490976,1521687,1549723,1577196,1606542,1640001,1678465,1721649,1768682,1818683,1871330,1926277,1983293,2042285,2102857,2164657,2227555,2291143,2355148,2418473,2479731,2538976,2593220,2642345,2689560,2735686,2781605,2826924,2870812,2912707,2956515,3003126,3049366,3095464,3141613,3187793,3233964,3280206,3326527,3372532,3421845,3475459,3530142,3585087,3639812,3693722,3746469,3799149,3851871,3904034,3955408
Lebanon,LBN,"Population, male",SP.POP.TOTL.MA.IN,902865,931314,961737,992799,1023582,1053339,1083611,1113376,1143731,1175177,1204691,1235354,1267665,1299883,1331615,1359051,1369440,1382573,1412122,1441234,1471356,1502550,1522485,1538685,1565092,1594961,1633965,1674949,1708834,1742792,1775669,1812075,1852415,1890074,1925558,1961823,1999547,2036996,2074019,2111534,2149038,2185776,2217010,2248422,2285653,2321856,2361785,2408117,2448860,2482573,2507564,2535598,2606069,2859856,3161599,3218011,3129832,3034435,2932212,2823127,2770020,2777715,2791093,2806602,2823634,2846030
Liberia,LBR,"Population, male",SP.POP.TOTL.MA.IN,585349,598996,613193,627901,643076,658781,674883,691392,708413,725919,743922,762103,780904,800889,821830,843672,866325,890404,916141,943021,970935,999418,1028244,1059020,1091901,1125213,1158850,1192847,1227222,1262054,1111165,973734,1030688,1070864,1067229,1075789,1106329,1195360,1322589,1397520,1450257,1493717,1533427,1545774,1564451,1636455,1731179,1820289,1896442,1957793,2016108,2097731,2174247,2223475,2271144,2319372,2368133,2415470,2464053,2514226,2567665,2623166,2680814,2741343,2801892,2861706
Libya,LBY,"Population, male",SP.POP.TOTL.MA.IN,760556,793199,827709,863358,895675,921661,945723,971593,999837,1031076,1065307,1100971,1137610,1180679,1242246,1319626,1402807,1491875,1586869,1687603,1793470,1903088,1983728,2028339,2081024,2145584,2206111,2262786,2316954,2369597,2420726,2470219,2518134,2564472,2608830,2650657,2689796,2726781,2762873,2799581,2832366,2862169,2895014,2930915,2969962,3011543,3063046,3126649,3194323,3261796,3328680,3251064,3167824,3229618,3289363,3338941,3386115,3438012,3492960,3542810,3587984,3630945,3673880,3714641,3752970,3791703
St. Lucia,LCA,"Population, male",SP.POP.TOTL.MA.IN,44273,44764,45304,45843,46370,46899,47352,47779,48279,48793,49405,50136,50884,51667,52495,53348,54221,55175,56202,57228,58218,59188,60175,61182,62218,63281,64331,65339,66298,67177,67969,68871,69931,70995,72090,73263,74399,75499,76619,77715,78733,79588,80330,81031,81692,82320,82938,83573,84231,84900,85457,85847,86183,86516,86835,87146,87447,87713,87961,88191,88387,88409,88433,88599,88743,88858
Latin America & Caribbean,LCN,"Population, male",SP.POP.TOTL.MA.IN,109442872,112474336,115605268,118818535,122090029,125402822,128749031,132122364,135522318,138953864,142409965,145905482,149456149,153056330,156691019,160355573,164056659,167820084,171657611,175533187,179441304,183324240,187194866,191137470,195129472,199124202,203109757,207093819,211091756,215089932,219110337,223108049,227071928,231013019,234915498,238807993,242673925,246507520,250336757,254124826,257788273,261339721,264809938,268194393,271510634,274754959,277983733,281198593,284392516,287534798,290620158,293685995,296744130,299767052,302734457,305613160,308406175,311103543,313660676,316124951,318218549,319859252,321608287,323741101,325924251,328037124
Least developed countries: UN classification,LDC,"Population, male",SP.POP.TOTL.MA.IN,122750602,125725840,128830234,132033027,135360678,138820850,142380948,146088552,149954394,153923750,157876657,161430126,165124523,169494460,174009519,178364411,182651698,186959006,191582674,196544901,201145992,205625737,210841121,216612336,222478029,228413487,234410713,240543529,246719722,253005869,259347951,265808677,272970592,280739121,288478934,296229755,304037493,311851579,319821591,327837193,335765001,343769006,352296335,361055937,369677299,378488419,387525285,396457027,405620365,415074955,424644553,434604642,444910698,455511709,466326622,477258822,488538168,500221156,512246581,524711414,537569904,550337615,562914846,575833222,589167671,602827635
Low income,LIC,"Population, male",SP.POP.TOTL.MA.IN,66176339,67758193,69406800,71121074,72917431,74789461,76719615,78748569,80875509,83050597,85285482,87566373,89844769,92237664,94733193,97242084,99808892,102352169,105170152,108126102,110560460,112748882,115482455,118633612,121851091,125131120,128440503,131905342,135490103,139245844,142970377,146782369,151258103,156254064,160985959,165660628,170625902,175561139,180622355,185847355,190966814,196255975,202166128,208327347,214438348,220782309,227527608,234373222,241242953,248257455,255419312,262748590,270017996,276988399,283939280,291140899,298885233,307121371,315818048,324960963,334254955,343454001,352645672,362324958,372339689,382541475
Liechtenstein,LIE,"Population, male",SP.POP.TOTL.MA.IN,8027,8242,8535,8870,9211,9449,9678,9979,10313,10445,10499,10733,10987,11303,11629,11818,11921,12120,12410,12678,12650,12738,13032,13126,13202,13346,13528,13690,13896,14099,14322,14553,14749,14965,15142,15285,15396,15475,15668,15917,16109,16364,16595,16783,16978,17135,17285,17412,17539,17698,17839,17975,18152,18330,18484,18617,18715,18825,18963,19127,19300,19445,19607,19790,20097,20390
Sri Lanka,LKA,"Population, male",SP.POP.TOTL.MA.IN,5094837,5208826,5326173,5447019,5571397,5698328,5826909,5958720,6093251,6227351,6359227,6486555,6610018,6730789,6847859,6964026,7082468,7203396,7328545,7458175,7587182,7707525,7795181,7839479,7858111,7900349,7984156,8066273,8135871,8207202,8245167,8293552,8412455,8543549,8656608,8789303,8948700,9109011,9271369,9433969,9596658,9737008,9820731,9871592,9918432,9962011,10008147,10054859,10098026,10133986,10168193,10209054,10275041,9988620,10079419,10169430,10282238,10397413,10499362,10560955,10614757,10726745,10735875,10663588,10603008,10524070
Lower middle income,LMC,"Population, male",SP.POP.TOTL.MA.IN,388260555,397981349,407922574,418075166,428480271,438926586,449337125,460051185,471033095,482157365,493820391,505200092,516894852,529673383,542962741,556659241,570484621,584720354,599123008,614243490,630637010,647453369,664372676,681562432,699007040,716826901,735001858,753377236,771905246,790653051,810931057,830341738,849445893,868648501,888164046,907976871,927861592,947862025,968023453,988174980,1008616903,1029263055,1049454776,1069440663,1089636017,1109591470,1129384105,1149352157,1169227697,1189320031,1209761637,1230260942,1250628676,1270922040,1290929006,1310321113,1329635868,1348843862,1367584666,1386140229,1404737743,1422432300,1439948745,1458246143,1476827626,1495621621
Low & middle income,LMY,"Population, male",SP.POP.TOTL.MA.IN,1069757276,1084743368,1106501058,1134495918,1162735392,1191360819,1221734925,1252241682,1283671733,1316242524,1349769344,1383492750,1416785326,1450818198,1484744182,1518076587,1550986082,1583615623,1616788339,1650909840,1685743641,1721582524,1759313153,1797581557,1835741110,1874673318,1914739419,1955930098,1997535720,2039225231,2082047516,2123193869,2163602493,2204088854,2243755588,2282944628,2322520174,2362168877,2402104125,2441572161,2480686953,2519619004,2557984130,2596171886,2634688446,2673180243,2711698699,2749832245,2788458799,2827615276,2867215917,2907420125,2948624368,2989484130,3030025867,3069581808,3108886525,3148457615,3187228638,3225113215,3261205257,3294156204,3324747851,3355925888,3389069154,3422598815
Lesotho,LSO,"Population, male",SP.POP.TOTL.MA.IN,326337,336839,347620,358649,369904,381434,393312,409671,430599,452098,474128,496575,519349,542400,565873,589973,611843,630616,649362,669072,689563,710652,732283,754389,776889,799750,817981,833451,850799,867728,883997,899466,914024,927379,939418,950381,960003,967264,971916,974298,974570,973037,969995,965292,958378,949339,945473,949487,955714,962544,969930,978484,988313,999120,1010689,1022731,1035472,1048725,1061890,1074706,1087804,1100677,1112982,1125727,1138892,1152167
Late-demographic dividend,LTE,"Population, male",SP.POP.TOTL.MA.IN,546818822,547612451,554705007,567656756,580400062,593491471,607997439,622053291,636517345,651796273,667327049,683206059,698374183,713051126,726972807,739758877,751858381,763293620,774762906,786141450,797294729,808765587,821291374,833770644,845793084,858202659,871412401,885388319,899461535,913212135,925967120,938061917,949621095,960463241,971000502,981173485,991064487,1000828599,1010295834,1019148456,1027257134,1034884050,1041988320,1048854853,1055577391,1062266896,1069172053,1076335327,1083569550,1090374091,1096600693,1103717496,1112143117,1120287167,1128586588,1136292483,1143818907,1151366594,1157505854,1162520699,1165680411,1167051855,1168494973,1169192406,1169919325,1170140116
Lithuania,LTU,"Population, male",SP.POP.TOTL.MA.IN,1280727,1304702,1326181,1345501,1364940,1384427,1404025,1423147,1441207,1456418,1473228,1493134,1510675,1526313,1541122,1554934,1568310,1581320,1593306,1602222,1609694,1619266,1630858,1644466,1658714,1673481,1690835,1710005,1729679,1743943,1749827,1752475,1749945,1740206,1725790,1709873,1694165,1679164,1664980,1651253,1637479,1621704,1607025,1592682,1573456,1545638,1517864,1497283,1480503,1461852,1428741,1395360,1376799,1364001,1353260,1340646,1324913,1311106,1304389,1307618,1315963,1320118,1333125,1354049,1363259,1364227
Luxembourg,LUX,"Population, male",SP.POP.TOTL.MA.IN,155157,156439,158227,159763,161480,163206,164222,164628,164960,165667,166324,168038,170527,172516,174585,176357,177060,177176,177303,177485,177857,178139,177988,177794,177942,178303,179137,180455,182021,184159,186951,189892,192657,195349,198022,200761,203535,206231,209079,212224,215042,217492,219870,222830,226424,230137,233970,237741,242275,247185,252086,258247,265094,271745,278538,285594,292197,299607,305657,311849,317216,322269,328782,335347,340763,345899
Latvia,LVA,"Population, male",SP.POP.TOTL.MA.IN,937317,955209,971984,988914,1005719,1020360,1031408,1042859,1056278,1068111,1077258,1087242,1098427,1108843,1119751,1129207,1136113,1143113,1149399,1153039,1156086,1160250,1166303,1174154,1182653,1191596,1202959,1217262,1231753,1239630,1238650,1232565,1213499,1186872,1164620,1146205,1132486,1120882,1110214,1100824,1089511,1074206,1060160,1049319,1037986,1026838,1017780,1010347,999807,981753,959398,941314,930595,921700,914024,907650,899884,892577,887197,882849,877942,871380,869801,872514,865141,857488
"Macao SAR, China",MAC,"Population, male",SP.POP.TOTL.MA.IN,85490,85151,87567,89900,113244,134769,133505,132334,131196,130022,131283,126494,126037,119074,110997,111827,112463,112976,114397,117394,121163,124320,128699,135256,141220,143818,146175,150746,154529,158303,162465,170029,179016,185159,191134,196943,199508,200324,202473,204646,205895,207227,209222,211623,216846,225739,237754,248135,257506,254734,255593,261349,269480,280120,293453,302663,306361,303633,307775,313081,318480,316373,313254,313119,316372,315701
St. Martin (French part),MAF,"Population, male",SP.POP.TOTL.MA.IN,2077,2144,2216,2292,2370,2455,2566,2698,2809,2896,2985,3072,3160,3252,3351,3471,3610,3750,3886,4019,4139,4251,4770,5807,6975,8196,9469,10788,12152,13551,14430,14646,14699,14713,14693,14634,14532,14383,14192,14208,14498,14836,15168,15491,15806,16111,16401,16667,16907,17110,17250,17354,17444,17505,17531,17505,17413,17245,16934,16368,15136,14049,13534,12857,12150,11547
Morocco,MAR,"Population, male",SP.POP.TOTL.MA.IN,5799958,5955769,6119458,6284628,6448335,6621610,6803801,6992722,7186045,7382752,7583975,7786603,7985938,8183899,8384571,8590067,8798544,9017017,9248414,9487886,9741464,10005637,10273406,10544927,10813864,11075756,11319872,11546212,11768442,11986848,12203771,12413990,12618863,12817634,13007966,13207659,13416225,13624391,13834845,14044573,14250721,14455173,14655649,14849608,15043044,15248420,15462516,15678805,15898334,16120575,16348614,16580111,16809114,17032492,17248626,17458434,17672457,17888070,18091271,18284522,18471768,18653397,18837517,19023229,19202022,19372079
Monaco,MCO,"Population, male",SP.POP.TOTL.MA.IN,9794,9852,9947,10102,10258,10390,10491,10546,10652,10852,11053,11229,11375,11480,11565,11709,11926,12139,12325,12488,12624,12728,12886,13114,13335,13549,13755,13954,14145,14315,14468,14621,14776,14922,15062,15201,15338,15477,15614,15715,15758,15765,15754,15729,15697,15652,15583,15483,15493,15765,16175,16577,16968,17344,17691,18008,18264,18456,18695,18661,18624,18875,19072,19069,18900,18751
Moldova,MDA,"Population, male",SP.POP.TOTL.MA.IN,941405,963033,983817,1003354,1021507,1038686,1055472,1071820,1087879,1103863,1117906,1130191,1142996,1156465,1170602,1185188,1199934,1214696,1229412,1244387,1258662,1271675,1284336,1297203,1310462,1324039,1338418,1353153,1367334,1377361,1382428,1385239,1385707,1383783,1379644,1373235,1370085,1364377,1362982,1359799,1355783,1351511,1347160,1342045,1337724,1335010,1332929,1331252,1329915,1329220,1328707,1328685,1329301,1329781,1328396,1316293,1299251,1275295,1251602,1230325,1215366,1195953,1164180,1131190,1105338,1085573
Madagascar,MDG,"Population, male",SP.POP.TOTL.MA.IN,2603608,2670369,2738642,2808467,2880157,2954204,3031143,3111591,3195934,3284410,3377549,3475531,3578032,3684739,3795375,3909929,4028435,4150848,4277325,4407765,4541503,4677352,4815784,4957729,5103064,5251962,5403270,5557591,5717304,5883524,6057473,6239204,6427882,6625128,6832454,7050226,7279132,7518775,7768098,8024071,8282780,8542129,8801647,9063551,9331777,9609150,9895545,10190184,10493615,10806251,11125385,11446014,11767213,12091845,12420638,12753172,13091345,13437210,13792207,14156202,14523992,14893095,15266903,15646930,16032529,16421791
Maldives,MDV,"Population, male",SP.POP.TOTL.MA.IN,49756,50814,51920,53066,54223,55979,58319,60463,62378,64279,66266,68336,70464,72612,74731,76849,79023,81205,83322,85466,87768,90197,92686,95177,97836,100885,104241,107740,111259,114763,118287,121774,125159,128403,131476,134495,137457,140282,142961,145487,147930,150392,152924,155510,158158,160891,165942,174037,183028,192277,201790,211547,221498,231558,241850,252833,264279,275680,287028,298306,309481,320476,326186,326618,326805,326850
"Middle East, North Africa, Afghanistan & Pakistan",MEA,"Population, male",SP.POP.TOTL.MA.IN,81405286,83523129,85755735,88079119,90498514,92996802,95569986,98264637,101032674,103912918,106887599,109872596,112929965,116174373,119535042,123134107,126956641,130896376,134985122,139242190,143687495,148380043,153188576,158104804,163187867,168376355,173719099,179163693,184648705,190253666,196689970,202336179,208227727,213976661,219579779,225114208,230695623,236344945,242077619,247908956,253865297,260003669,266117023,272507301,279300690,286298340,293623425,300999388,308381135,315823987,322231821,329661588,337208684,344765604,351763752,358996447,365723042,371631910,377077640,383036099,389792190,395045540,402613193,410399776,418198789,425808111
Mexico,MEX,"Population, male",SP.POP.TOTL.MA.IN,18363482,18946160,19567027,20215913,20890447,21590819,22316907,23065030,23831755,24612399,25402751,26201955,27010868,27827965,28650768,29476877,30302726,31127976,31955932,32782101,33597506,34353276,35054357,35753634,36452335,37152124,37854973,38562332,39273628,39980545,40708293,41467588,42230207,42988986,43745359,44501336,45251829,45992041,46725287,47451338,48159842,48864354,49572979,50272289,50965177,51659736,52368084,53118785,53910982,54714736,55513195,56305075,57066319,57796257,58476336,59066012,59593139,60107325,60641037,61184489,61635476,61979793,62401721,62926132,63459580,63982817
Marshall Islands,MHL,"Population, male",SP.POP.TOTL.MA.IN,7562,7823,8088,8365,8642,8913,9178,9591,10328,11230,11960,12352,12568,12771,13082,13505,13934,14376,14830,15296,15814,16445,17148,17863,18595,19350,20116,20890,21650,22303,22837,23316,23739,24101,24419,24705,24975,25236,25482,25731,25984,26193,26346,26454,26527,26580,26620,26643,26634,26622,26651,26608,26370,25992,25538,25025,24461,23851,23209,22550,21876,21193,20539,19903,19237,18561
Middle income,MIC,"Population, male",SP.POP.TOTL.MA.IN,1003580937,1016985175,1037094258,1063374844,1089817961,1116571358,1145015310,1173493113,1202796224,1233191927,1264483862,1295926377,1326940557,1358580534,1390010989,1420834503,1451177190,1481263454,1511618187,1542783738,1575183181,1608833642,1643830698,1678947945,1713890019,1749542198,1786298916,1824024756,1862045617,1899979387,1939077139,1976411500,2012344390,2047834790,2082769629,2117284000,2151894272,2186607738,2221481770,2255724806,2289720139,2323363029,2355818002,2387844539,2420250098,2452397934,2484171091,2515459023,2547215846,2579357821,2611796605,2644671535,2678606372,2712495731,2746086587,2778440909,2810001292,2841336244,2871410590,2900152252,2926950302,2950702203,2972102179,2993600930,3016729465,3040057340
North Macedonia,MKD,"Population, male",SP.POP.TOTL.MA.IN,698718,708442,716040,723846,734798,745940,757871,770648,784303,798667,813313,827338,840769,854205,867730,881750,896040,910054,923847,937597,951245,964653,974105,979126,983207,986906,990414,994043,997771,1001213,1003537,999564,989389,977807,969739,971053,978030,970794,976369,982391,989192,995561,989474,990990,988116,983111,977956,972636,967305,961327,955441,951305,947856,944608,941708,938233,934118,929119,923093,915477,904013,893711,890868,888945,887506,886097
Mali,MLI,"Population, male",SP.POP.TOTL.MA.IN,2723692,2761058,2799378,2838240,2877684,2918138,2959335,3001676,3045755,3091182,3138767,3187858,3239209,3294419,3352258,3412320,3474015,3539428,3609643,3683649,3762570,3844947,3929860,4017962,4105865,4189660,4268901,4345070,4423025,4508114,4600286,4695465,4794063,4898002,5007291,5119391,5233360,5355993,5495449,5652353,5821965,6002496,6194234,6396224,6608242,6829475,7058298,7295115,7539517,7789949,8048018,8313174,8560213,8814276,9097388,9386619,9688747,10002702,10320132,10636095,10960973,11300445,11644587,11994667,12350772,12711637
Malta,MLT,"Population, male",SP.POP.TOTL.MA.IN,153927,153376,152787,152190,151605,150457,148742,146975,145392,144015,143549,143865,144014,144176,144397,145806,146904,147842,149760,151652,153615,155103,158815,161418,161780,164929,167890,169172,170701,172493,174305,179186,181152,183088,184927,186332,187677,189216,190566,191823,193158,194681,196234,197629,199065,200463,201266,201999,203369,204970,206040,206984,209132,212008,217001,223053,228632,235708,245866,258731,266944,269020,275707,286837,295225,301029
Myanmar,MMR,"Population, male",SP.POP.TOTL.MA.IN,10872381,11113744,11362077,11617896,11881581,12154661,12435615,12722869,13016624,13316564,13622555,13931766,14244751,14546309,14834646,15126030,15419346,15720147,16030553,16344293,16661888,16979997,17294330,17636308,18006699,18370134,18717157,19045967,19360480,19667019,19967989,20255622,20532028,20805872,21079615,21351198,21621386,21892679,22161056,22420031,22665503,22899375,23123942,23335153,23530076,23709227,23877104,24041928,24179392,24318712,24495631,24687833,24890896,25098068,25301941,25499589,25696854,25890574,26073322,26251303,26431199,26606252,26779327,26956235,27128841,27293547
"Middle East, North Africa, Afghanistan & Pakistan (excluding high income)",MNA,"Population, male",SP.POP.TOTL.MA.IN,78301975,80301937,82392098,84578807,86851724,89204024,91640618,94169851,96781764,99474424,102236783,104997000,107822033,110793816,113882094,117202020,120709545,124293787,128006591,131860562,135891649,140183683,144591598,149089831,153760039,158504696,163363857,168295535,173267524,178357322,184589450,189857913,195062059,200273769,205380431,210422361,215455255,220506565,225637087,230854106,236023992,241208167,246355167,251776786,257592355,263557328,269657557,275541769,281429384,287585751,293754279,299876126,305848610,311666457,317406591,322801211,328011413,333449009,339269098,345273010,351258441,357142832,363015120,369076839,375232326,381274975
Montenegro,MNE,"Population, male",SP.POP.TOTL.MA.IN,225935,231151,237027,242663,247061,249618,250010,248603,246334,244544,244182,245880,249435,254030,258706,262829,266189,268993,271483,274114,277203,280815,284736,288595,291869,294209,295459,295777,295498,295107,294971,295191,295628,296119,296362,296139,295377,294196,292788,291437,290348,290920,291510,292222,292791,293657,294410,295178,296060,297028,297849,298482,299127,299794,300438,300935,301306,301600,301804,301917,301687,300775,300027,300045,300103,300021
Mongolia,MNG,"Population, male",SP.POP.TOTL.MA.IN,482647,499346,516185,531313,545423,560607,576621,592900,608890,624596,640766,657954,676199,695472,715715,736803,758535,780455,801551,821706,841842,862346,883304,904827,927030,950077,974114,999114,1024595,1047642,1035003,1067595,1068376,1066519,1077796,1094467,1110500,1125305,1139968,1154973,1170783,1187220,1204436,1221486,1236714,1251753,1268046,1286279,1307916,1332903,1357580,1380997,1406250,1435166,1467475,1500576,1533650,1566500,1599559,1633160,1664145,1690954,1714580,1736814,1757365,1778402
Northern Mariana Islands,MNP,"Population, male",SP.POP.TOTL.MA.IN,4370,4502,4648,4805,4971,5144,5319,5400,5288,5074,5199,5806,6556,7237,7658,7879,8080,8271,8456,8655,9264,10430,11764,13130,14522,15938,17370,18820,20284,21744,22779,23243,23550,23840,24119,24632,25889,27625,29281,30856,31773,31825,31591,31281,30894,30442,29941,29399,28827,28232,27839,27695,27570,27383,27137,26847,26509,26131,25717,25271,24987,24717,24266,23798,23379,23034
Mozambique,MOZ,"Population, male",SP.POP.TOTL.MA.IN,3272411,3334532,3406247,3480740,3557075,3635760,3716695,3799816,3885950,3975066,4068427,4170007,4280117,4396828,4521703,4656502,4800913,4955780,5122631,5299377,5441966,5560971,5690871,5817217,5934481,6041877,6144104,6164965,6155298,6212316,6308637,6438865,6570859,6788319,7269292,7723693,7987786,8209118,8392068,8575592,8757708,8946217,9141065,9343436,9553445,9772561,10001797,10240154,10493724,10768136,11060440,11376766,11715016,12065871,12428643,12802608,13192329,13603724,14025748,14452298,14896433,15354329,15823809,16307299,16802082,17300760
Mauritania,MRT,"Population, male",SP.POP.TOTL.MA.IN,406738,417676,429188,441303,454055,467477,481618,496445,511850,527785,544252,561160,578459,596186,614341,632856,651777,670910,690317,710293,730913,752332,774491,797277,820753,844990,869910,895568,922072,945775,970341,999472,1038906,1082263,1120103,1151666,1175026,1201832,1233666,1267302,1303296,1334434,1361393,1390259,1420760,1453205,1487837,1525022,1566068,1610978,1658617,1709082,1761959,1816901,1873770,1932362,1992702,2054796,2118539,2183789,2250118,2317615,2388274,2461966,2535726,2608802
Mauritius,MUS,"Population, male",SP.POP.TOTL.MA.IN,346405,348535,359984,369684,378254,386368,394067,401424,408522,415421,422141,428633,434911,441277,447934,454892,462061,469392,475343,483504,491580,498841,504982,509729,515240,519686,523942,528209,532238,536257,539566,544913,551643,557745,565123,569509,574856,581594,587262,594332,599791,604149,607970,612000,615458,618716,621212,623650,625475,626649,627610,628088,629662,631347,632637,633593,634124,634773,635154,635309,635144,634944,632186,624113,621840,620178
Malawi,MWI,"Population, male",SP.POP.TOTL.MA.IN,1744168,1786928,1831381,1877547,1924986,1973390,2023215,2074625,2127495,2181442,2236702,2294485,2355170,2418983,2486704,2558608,2635260,2719450,2814622,2920657,3035451,3157113,3284392,3416791,3553227,3692927,3831996,4018381,4240927,4447894,4629405,4776708,4920678,4996042,4941301,4937276,5038559,5143352,5258121,5380399,5505570,5635806,5771171,5912971,6063497,6224208,6395018,6576734,6773497,6982600,7197070,7415009,7635474,7859283,8086506,8315797,8549013,8786947,9027518,9272383,9522275,9774487,10030976,10295096,10567044,10843950
Malaysia,MYS,"Population, male",SP.POP.TOTL.MA.IN,4051975,4150490,4253232,4359564,4468389,4578399,4688887,4796053,4900615,5007421,5119362,5240353,5367443,5497260,5630390,5766482,5906193,6049454,6195870,6345872,6529066,6747950,6976479,7215815,7466095,7726997,7995646,8268806,8544315,8819487,9094580,9363815,9623283,9880511,10142178,10409829,10682563,10959031,11239164,11516992,11798278,12098871,12411547,12724979,13038566,13353471,13669747,13985232,14295941,14597629,14889269,15173963,15459565,15751044,16047483,16350477,16664108,16981622,17290823,17586002,17821824,18008669,18204478,18410069,18617794,18821069
North America,NAC,"Population, male",SP.POP.TOTL.MA.IN,97778553,99357745,100832468,102233819,103610289,104864593,106045855,107173715,108208985,109211308,110425631,111984923,113213407,114330657,115437651,116636539,117791226,119001118,120262963,121590748,122822650,124124565,125436985,126703826,127926446,129178134,130489765,131813709,133163499,134632376,136364574,138355092,140383479,142343027,144207096,146038198,147863390,149765963,151623822,153486161,155348948,157036114,158595862,160039246,161594035,163158417,164807854,166439803,168095771,169668185,171196961,172703734,174318387,175866855,177469584,179035849,180659016,182152694,183515156,184760220,185683054,186014203,187261981,189130622,191348299,192450733
Namibia,NAM,"Population, male",SP.POP.TOTL.MA.IN,284739,289957,295791,302267,309372,317187,325649,334743,344394,354583,365361,376618,388413,400557,413118,426313,438894,450959,458820,466361,475106,479771,487818,500591,514036,528721,545058,562708,582863,621866,661673,684675,707080,729793,752380,774150,795005,815540,836285,857085,877288,895905,912260,926072,938328,950437,962836,975771,989440,1004005,1019617,1037294,1061442,1090870,1121166,1152649,1185417,1219487,1254913,1291528,1330536,1371399,1410918,1447110,1479806,1510359
New Caledonia,NCL,"Population, male",SP.POP.TOTL.MA.IN,42065,43524,45042,46473,47757,49023,50349,51728,53153,54930,57260,59872,62606,65459,68422,71457,73733,74850,75581,76286,76961,77604,78215,79085,80302,81578,82863,84193,85578,87293,89499,91931,94387,96814,99229,101645,103991,106181,108266,110344,112471,114620,116731,118790,120738,122423,124053,125773,127448,129229,131334,133686,136104,138570,140609,141333,141157,140922,140624,140357,140422,140756,141591,142962,144353,145703
Niger,NER,"Population, male",SP.POP.TOTL.MA.IN,1666700,1720619,1776166,1833261,1891684,1951095,2011537,2073145,2135790,2199470,2264332,2329870,2396708,2465589,2536332,2609462,2685649,2765488,2849720,2938791,3031951,3128345,3227464,3329380,3434212,3542752,3655858,3773050,3893865,4018881,4149057,4283907,4423524,4569304,4722159,4884572,5054373,5228823,5412604,5605816,5807373,6018647,6238990,6469132,6709786,6961207,7223671,7497500,7783064,8080667,8390293,8711099,9048374,9396967,9751886,10120327,10499968,10881387,11264312,11650753,12041757,12439986,12851424,13282161,13725328,14174857
Nigeria,NGA,"Population, male",SP.POP.TOTL.MA.IN,22313789,22766543,23239705,23729344,24233650,24755924,25292522,25826799,26376302,26959389,27582518,28242380,28934186,29670840,30464271,31322584,32245348,33241189,34294012,35385429,36523047,37678560,38837114,39871724,40930376,42134571,43317413,44512340,45750128,47033037,48360052,49685590,51036577,52438564,53869707,55334418,56822824,58348813,59932014,61576698,63286567,65071982,66928846,68848535,70831452,72861022,74932868,77070207,79278457,81552143,83894725,86310441,88770243,91242930,93714536,96153143,98594798,101058468,103458568,105789799,108098757,110418029,112784704,115206932,117673771,120177737
Nicaragua,NIC,"Population, male",SP.POP.TOTL.MA.IN,886835,913986,942038,971071,1001176,1032405,1064745,1098188,1132797,1168560,1205368,1243207,1279796,1317323,1358080,1399814,1442489,1485836,1527868,1566278,1607229,1652668,1697956,1741753,1783090,1823316,1863965,1904852,1947380,1993226,2040603,2088630,2136955,2184977,2232468,2279010,2322117,2361302,2397836,2432445,2465952,2497697,2527849,2557474,2587560,2621329,2659104,2697891,2737195,2776823,2816887,2857339,2898107,2939044,2980102,3021397,3062890,3104610,3146392,3187963,3227997,3266527,3309012,3355587,3401957,3447757
Netherlands,NLD,"Population, male",SP.POP.TOTL.MA.IN,5720216,5796480,5881564,5961526,6043492,6132437,6218654,6288489,6349244,6423479,6506998,6586548,6649449,6698375,6746398,6803871,6853919,6889081,6926029,6969556,7021031,7064461,7088722,7103000,7120956,7150008,7187450,7232171,7278448,7320921,7372588,7433688,7491515,7544328,7590714,7629200,7663992,7703017,7751195,7804155,7862495,7925477,7978464,8015622,8041052,8056980,8068414,8085748,8119682,8165536,8209279,8249203,8281346,8307296,8340251,8381855,8433336,8488639,8541883,8602686,8654519,8702691,8789000,8879266,8939104,8987375
Norway,NOR,"Population, male",SP.POP.TOTL.MA.IN,1784356,1798590,1813052,1826715,1840613,1854928,1869145,1884277,1899902,1914893,1928128,1941244,1955825,1968863,1980461,1990624,1999057,2006564,2013184,2019141,2024744,2030579,2037016,2043014,2047812,2053230,2060143,2070047,2082128,2090692,2097165,2107206,2119916,2132545,2144459,2155510,2166454,2178644,2192365,2208372,2224213,2236610,2249034,2262584,2276555,2293021,2313885,2342732,2377339,2410860,2443746,2479819,2517349,2551345,2582991,2611308,2636324,2658800,2676779,2695824,2712887,2728311,2751427,2781141,2808199,2828205
Nepal,NPL,"Population, male",SP.POP.TOTL.MA.IN,5069700,5171397,5277525,5386910,5500505,5619754,5743528,5871848,6004844,6141192,6281687,6424727,6570199,6719143,6871702,7028384,7186642,7352998,7529959,7712065,7900548,8092272,8286694,8489653,8694056,8893976,9090283,9278866,9468782,9676589,9912899,10174257,10465351,10751277,11018366,11277190,11514812,11741805,11959432,12167553,12361014,12541426,12709131,12861415,12993910,13104916,13193796,13262752,13319474,13366135,13405754,13420834,13406640,13383184,13378367,13420011,13449653,13429657,13419158,13600682,13942564,14240049,14345261,14279233,14200276,14130210
Naoero,NRU,"Population, male",SP.POP.TOTL.MA.IN,2923,3047,3162,3282,3420,3575,3676,3709,3899,4173,4274,4290,4305,4324,4341,4357,4382,4372,4330,4303,4283,4264,4251,4258,4315,4404,4500,4605,4717,4831,4950,5075,5167,5209,5230,5247,5261,5272,5272,5270,5264,5240,5212,5195,5188,5169,5151,5134,5119,5116,5128,5162,5253,5380,5493,5603,5703,5792,5874,5927,5940,5964,6010,6048,6083,6118
New Zealand,NZL,"Population, male",SP.POP.TOTL.MA.IN,1192045,1216099,1247165,1271237,1297272,1318503,1341986,1364729,1374318,1385067,1403927,1425138,1450392,1478954,1509795,1539050,1552136,1555988,1555154,1547479,1548176,1553132,1567488,1587927,1600377,1608766,1606962,1619103,1621139,1626373,1639633,1720181,1738541,1759355,1783624,1810820,1840146,1863309,1877527,1884885,1893750,1903486,1936491,1974901,2003548,2024839,2048212,2066291,2083379,2104195,2127441,2143300,2154945,2173539,2215936,2269553,2328044,2382573,2429644,2466531,2517996,2524209,2523479,2583006,2628386,2646619
OECD members,OED,"Population, male",SP.POP.TOTL.MA.IN,395057124,400656634,406375575,412094181,417850892,423438341,428741590,433894666,438960898,444164151,449323265,455491637,461137647,466562603,471807658,476791147,481390348,485932328,490521067,495213202,499957478,504613496,508971121,513293517,517432448,521570406,525824271,530192209,534502352,539025641,544028900,549483681,554904328,560079027,564847729,569510572,574112888,578602058,583017652,587503468,591826667,596291683,600781017,605222776,609656184,614001352,618585560,623162371,628177609,632737699,637079006,640700012,644899852,648880622,652990506,657287234,661750060,665900553,670079698,674177028,676732544,677811031,681053435,685560409,689995161,692667424
Oman,OMN,"Population, male",SP.POP.TOTL.MA.IN,265000,269433,274250,279490,285180,291338,297964,305075,312682,320791,329389,338505,348115,358252,371019,387280,406238,428040,452327,478686,506769,536974,569555,603965,639605,690150,755050,819905,884836,949817,1014782,1079581,1143964,1205731,1244069,1260913,1276761,1291440,1305220,1318376,1330830,1342552,1353601,1364755,1387474,1421263,1455013,1488933,1523355,1558720,1606110,1868902,2260454,2480446,2587927,2710776,2862472,2963047,2978777,2922482,2808741,2750964,2911700,3134491,3285829,3428967
Other small states,OSS,"Population, male",SP.POP.TOTL.MA.IN,2559134,2601799,2656217,2710400,2763573,2815414,2864774,2911356,2958531,3008353,3060368,3115221,3172368,3229218,3281524,3334855,3394395,3459147,3523976,3589968,3657013,3725486,3796628,3865828,3935308,4010991,4091241,4174291,4260099,4351328,4447895,4540984,4574950,4597678,4637204,4667639,4718904,4781105,4843853,4848004,4862633,4951923,5041645,5110285,5163144,5220205,5284216,5353026,5423990,5492295,5558751,5620608,5686167,5753192,5822899,5896350,5969340,6046713,6128859,6211728,6286628,6352627,6432567,6492435,6546502,6597774
Pakistan,PAK,"Population, male",SP.POP.TOTL.MA.IN,24648027,25281402,25926800,26600449,27302481,28031542,28790686,29581683,30401325,31247559,32120887,32964917,33835296,34792951,35786839,36825596,37920005,39075442,40291665,41644520,43294842,45052877,46699256,48272396,49722377,51238553,52947215,54731436,56549515,58381954,60339927,62342939,64061336,65779732,67666870,69607232,71633392,73657851,75685707,77742544,79963819,82223369,84190394,86121441,88237958,90346913,92469941,94875159,97376075,99806431,102234317,104479609,106428386,108117315,109696124,111191288,112597154,114147375,115958869,117879703,119954020,122119349,124068400,125731249,127433406,129314682
Panama,PAN,"Population, male",SP.POP.TOTL.MA.IN,573337,590345,608124,626597,645627,665061,684895,705096,725616,746468,767680,789277,811170,833203,855354,877609,899881,922168,944534,967143,990126,1013562,1037483,1061898,1086730,1111796,1136987,1162285,1187687,1212942,1238532,1264672,1290939,1317514,1344431,1371617,1399116,1427030,1455353,1484064,1513124,1542493,1572194,1602231,1632704,1663408,1694133,1725045,1756247,1787670,1819277,1851300,1883748,1916459,1949580,1983369,2017789,2052516,2086964,2120143,2148782,2174004,2201198,2229872,2258004,2285579
Peru,PER,"Population, male",SP.POP.TOTL.MA.IN,5104761,5255469,5411206,5571685,5736521,5905133,6077423,6253513,6433405,6616944,6788053,6961017,7150934,7336985,7518409,7701214,7886774,8078442,8278115,8483565,8696031,8914959,9138417,9367199,9599718,9834589,10067768,10299098,10533931,10771197,11010543,11243647,11473614,11706336,11940675,12176431,12410073,12643964,12877882,13104053,13312624,13499000,13664193,13813521,13951981,14078966,14193488,14299800,14389325,14465592,14548314,14646960,14760964,14886265,15028034,15193649,15395556,15621908,15903762,16174853,16356574,16498081,16651798,16835443,17017564,17193234
Philippines,PHL,"Population, male",SP.POP.TOTL.MA.IN,14064547,14526377,15003229,15490339,15986108,16488554,16995316,17507653,18025865,18546321,19012725,19446559,19875003,20300634,20721502,21175543,21714757,22297170,22897918,23510599,24122200,24749018,25446067,26200900,26970470,27718306,28426277,29174851,29964104,30726366,31526977,32297528,33078717,33890923,34624479,35378409,36206673,37072553,38044547,39056696,40007538,40911083,41741521,42569088,43395588,44199328,44917896,45676294,46469708,47294043,48292490,49271579,50264658,51244315,52095110,52836545,53493627,54120287,54710323,55297777,55905489,56419691,56849247,57310817,57784107,58251330
Palau,PLW,"Population, male",SP.POP.TOTL.MA.IN,4702,4818,4937,5058,5191,5324,5462,5563,5618,5656,5776,6020,6300,6537,6622,6594,6557,6515,6463,6399,6365,6453,6638,6838,7047,7270,7481,7670,7858,8038,8211,8390,8583,8781,8989,9214,9480,9770,10042,10294,10464,10539,10589,10639,10686,10647,10496,10316,10139,9959,9772,9579,9386,9337,9426,9501,9542,9572,9598,9614,9616,9601,9579,9555,9530,9506
Papua New Guinea,PNG,"Population, male",SP.POP.TOTL.MA.IN,1054743,1080545,1105417,1130456,1155635,1181325,1208249,1236172,1264982,1295204,1326731,1359301,1391937,1424203,1456506,1488940,1521605,1554550,1587707,1621001,1654577,1689217,1725103,1761984,1799951,1838970,1879023,1920009,1961805,2005726,2056306,2118774,2191660,2269382,2349763,2432574,2517949,2606142,2696472,2789084,2884098,2982137,3083484,3187107,3292814,3400500,3510223,3621900,3735586,3851061,3968218,4084146,4197418,4309840,4421536,4532346,4642125,4750876,4858798,4965821,5067943,5164383,5257153,5347981,5439223,5530194
Poland,POL,"Population, male",SP.POP.TOTL.MA.IN,14333898,14503427,14680971,14886232,15102108,15258392,15379578,15533098,15686455,15812192,15868998,15929302,16068464,16222828,16387887,16561093,16734098,16899411,17034356,17171440,17332280,17492127,17656827,17828126,17995078,18144505,18270309,18373690,18443683,18500666,18565561,18622136,18669157,18707962,18739464,18756101,18762264,18766553,18764084,18749074,18542700,18531425,18516186,18496850,18477832,18460302,18436319,18411671,18403680,18369595,18333483,18424277,18447245,18438356,18427295,18418052,18413190,18418853,18422682,18422249,18200878,17930592,17846011,17778895,17712630,17645223
Pre-demographic dividend,PRE,"Population, male",SP.POP.TOTL.MA.IN,93609895,95785557,98089906,100506979,103023169,105637976,108341335,111134127,114042028,117084085,120253684,123520615,126861020,130413752,134176631,138055128,142033515,146171114,150721099,155494854,159977472,163921856,168134191,172894698,177839734,182942047,188075226,193304467,198510825,203907400,209273928,214564219,220688917,227723390,235500895,243100018,249711814,256359683,263700669,271405185,279179176,287270861,296055489,305168600,314284327,323739412,333209322,342480742,352573179,363380312,374324936,385689798,397514504,409696111,421918684,434062021,446458784,459177949,472090866,485116691,498296053,511466990,524579010,538092460,552000957,566220549
Puerto Rico (US),PRI,"Population, male",SP.POP.TOTL.MA.IN,1166881,1186175,1209887,1235036,1257549,1275185,1288515,1297081,1303899,1314028,1330083,1350891,1376889,1406069,1434779,1460659,1484109,1505048,1523854,1541610,1559318,1576522,1592913,1608779,1624348,1639725,1654758,1669428,1683957,1698603,1713343,1724962,1735150,1748491,1763384,1778404,1797238,1812971,1822463,1830689,1835033,1838255,1839770,1840096,1839705,1836217,1827528,1815824,1804101,1793213,1784338,1767866,1750459,1734395,1710275,1684337,1655974,1619327,1558981,1562871,1550874,1540046,1518458,1509562,1507869,1498342
"Korea, Dem. People's Rep.",PRK,"Population, male",SP.POP.TOTL.MA.IN,5302173,5443319,5586770,5746632,5916005,6088966,6272299,6475910,6688756,6898974,7110842,7319928,7530548,7727171,7896851,8053772,8197499,8329351,8458016,8588819,8722565,8861989,9006791,9152906,9300701,9450682,9603247,9757913,9914113,10072080,10233335,10398972,10566749,10733163,10897182,11037982,11154389,11264815,11367748,11463000,11549047,11625278,11690686,11764326,11846359,11916431,11979567,12040054,12100079,12159896,12219535,12281927,12347523,12416342,12488537,12562727,12636038,12706103,12771188,12830805,12885558,12942570,13002441,13058006,13108717,13154539
Portugal,PRT,"Population, male",SP.POP.TOTL.MA.IN,4240065,4272667,4302123,4317845,4318471,4298766,4263584,4232993,4210842,4168334,4124996,4107856,4109438,4118342,4183108,4351804,4484017,4538383,4594025,4649334,4704288,4747575,4777690,4800943,4820248,4833663,4838060,4836688,4831150,4823057,4811299,4798647,4793322,4798413,4811650,4829554,4849276,4872399,4898628,4928388,4965862,5003493,5028645,5042331,5050239,5055672,5060668,5065871,5066547,5063335,5057754,5043230,5015283,4978437,4943007,4917347,4900212,4887318,4877005,4880032,4891846,4931123,4970696,5039019,5094260,5145857
Paraguay,PRY,"Population, male",SP.POP.TOTL.MA.IN,931845,953779,976670,1001134,1026879,1053110,1079573,1106082,1132629,1159325,1186276,1214015,1243245,1275109,1309171,1343935,1379373,1415795,1453409,1492615,1533955,1577735,1623289,1670180,1718591,1768457,1819870,1872605,1926476,1981096,2035999,2091213,2146705,2202094,2257266,2312247,2366857,2420994,2474466,2526645,2576086,2620009,2657280,2689921,2720509,2750105,2778190,2804771,2831247,2859418,2892171,2929960,2970613,3012723,3055701,3099586,3143770,3187583,3230943,3273780,3316874,3355140,3391532,3432398,3474116,3515389
West Bank and Gaza,PSE,"Population, male",SP.POP.TOTL.MA.IN,,,,,,,,,,,,,,,,,,,,,,,,,,,,,,,999051,1045160,1093392,1143805,1196542,1251709,1309396,1369753,1404932,1440337,1476639,1513004,1549170,1585914,1623672,1662966,1703866,1746199,1793269,1839980,1886645,1933250,1979876,2026332,2072523,2118949,2166061,2209768,2267781,2326703,2386360,2446625,2507671,2567330,2625766,2686107
Pacific island small states,PSS,"Population, male",SP.POP.TOTL.MA.IN,471995,485152,498823,512976,527372,542055,556429,569539,582333,595605,608419,620478,632188,643741,655882,668872,682643,697100,712060,729578,747362,763655,780488,797676,815303,833453,851218,867061,881345,895046,908284,921225,934212,947113,959523,971338,983557,997686,1012782,1027484,1041377,1054606,1067491,1079928,1092156,1104143,1115945,1127580,1138027,1147651,1160067,1174913,1189454,1204031,1218859,1233760,1248847,1264057,1278973,1291118,1303390,1317533,1332429,1348918,1365574,1382325
Post-demographic dividend,PST,"Population, male",SP.POP.TOTL.MA.IN,366002992,370545603,375190286,379750620,384284195,388667821,392710045,396527575,400247871,404070523,407856568,412609244,416767463,420642561,424324518,427720942,430745182,433726770,436741153,439956549,443134433,446285008,449098776,451764286,454266169,456759929,459408362,462211974,465000835,467967348,471270301,474924574,478518602,481847906,484714942,487472708,490385146,493080797,495703812,498332407,501017691,503562313,506174119,508773497,511474055,514077922,517007421,520284011,523572043,526305909,528801589,530512961,533061662,535376135,537827473,540509727,543341754,545651335,547822053,549916511,551045877,550811900,551281412,553227497,556728787,558880247
French Polynesia,PYF,"Population, male",SP.POP.TOTL.MA.IN,42957,43815,44708,45949,47510,49115,50767,52482,54291,56209,58231,60389,62666,64989,67340,69702,72050,74348,76633,78982,81413,83915,86466,89005,91375,93660,96030,98451,100849,103076,105125,107087,108969,110772,112500,114152,115779,117489,119228,120942,122655,124360,126052,127921,129935,131862,133715,135289,136153,136549,136942,137359,137887,138564,139248,139840,140345,140811,141165,141346,141529,141708,141936,142256,142530,142759
Qatar,QAT,"Population, male",SP.POP.TOTL.MA.IN,18314,20518,23530,27027,30957,35306,40213,45795,52014,58801,68038,79512,91096,102793,114607,126546,138634,150890,163324,175960,188816,201899,215186,228585,241990,255363,266870,276075,284885,293806,302848,312013,321271,330597,339948,349271,358489,373148,394564,417385,440529,463962,487634,511476,526560,563979,695565,904260,1087070,1223730,1220052,1216321,1279451,1419884,1605817,1764891,1867260,1908338,1917660,1933850,2014848,1799084,1909216,1899495,2037072,2112996
Romania,ROU,"Population, male",SP.POP.TOTL.MA.IN,8939003,9016866,9080535,9143145,9205064,9262603,9355897,9512498,9639018,9736939,9849436,9946002,10033826,10111474,10196615,10315069,10428454,10525846,10629360,10704217,10766940,10842057,10904464,10947198,10986645,11031329,11080683,11134044,11185243,11233829,11250476,11148315,11041951,11019597,10994498,10961193,10917105,10872403,10836332,10806542,10780440,10618563,10421149,10351922,10301553,10246750,10194227,10051678,9891092,9812993,9758208,9714643,9676860,9646834,9616896,9577856,9527955,9477031,9425996,9381144,9333773,9263671,9226047,9232447,9227499,9211812
Russian Federation,RUS,"Population, male",SP.POP.TOTL.MA.IN,53730266,54480889,55228807,55973995,56717159,57456420,57879966,58298795,58711985,59117686,59413704,59714658,60128296,60552810,60979884,61409297,61927843,62461787,63007167,63539388,64049014,64566883,65087323,65573907,66173466,66792182,67390775,68003760,68589768,69116499,69314335,69554756,69645972,69624609,69618289,69585716,69436306,69289805,69151136,68897608,68540677,68152942,67734802,67325398,66941152,66568279,66253963,66087089,66030180,66039084,66076427,66178525,66380492,66617027,66848165,67059951,67265601,67430370,67507252,67542778,67452297,67241043,67006593,66785451,66670932,66553257
Rwanda,RWA,"Population, male",SP.POP.TOTL.MA.IN,1497512,1540204,1580272,1616866,1654998,1699640,1749318,1803775,1861462,1920533,1980698,2040911,2101620,2164612,2229915,2297385,2367162,2438845,2512676,2590053,2671945,2758805,2850696,2947202,3047916,3152212,3258972,3367137,3475727,3582791,3675727,3748309,3822610,3967177,3326551,2718646,3217172,3721868,3875497,3898677,3921954,3948113,3995854,4088392,4207833,4330523,4456172,4584405,4714220,4844864,4976177,5107248,5237878,5370913,5506998,5644720,5784207,5925368,6067944,6211660,6356319,6500904,6649385,6802408,6954758,7112388
South Asia,SAS,"Population, male",SP.POP.TOTL.MA.IN,262178364,268709274,275349731,282073585,288945552,295736985,302365406,309188409,316148255,323085042,330486673,337579785,344794494,352872655,361305624,370095033,379010435,388150798,397263933,406661039,416505753,426477777,436659047,447028370,457563232,468204526,478964841,489774474,500628465,511630938,522747381,533912215,545222816,556622931,567984906,579454246,591068458,602757752,614526378,626329225,638147630,649922091,661351633,672403091,683344196,693912633,704119035,714018408,723559169,733196758,742965615,752650031,762232207,771277914,780331942,789067735,797907608,806651815,815095386,823384059,831334357,838199402,844756363,851931097,859220219,866548802
Saudi Arabia,SAU,"Population, male",SP.POP.TOTL.MA.IN,1246996,1294131,1343110,1394059,1447155,1502401,1559890,1620813,1686368,1757048,1834034,1920597,2019102,2128599,2247531,2374941,2513053,2664612,2829615,3007391,3197694,3404278,3629020,3867413,4113870,4364764,4628316,4906233,5181027,5454821,5736144,6021596,6309991,6599618,6891631,7186234,7482008,7778719,8076957,8376460,8842645,9476872,10114466,10755708,11400810,12050112,12704109,13363261,14027759,14697522,14652143,15428698,16183785,17174830,17688178,18716282,19444523,19315333,18609580,18389534,19212001,18696564,19541415,20442120,21369165,22341396
Sudan,SDN,"Population, male",SP.POP.TOTL.MA.IN,4197423,4334282,4478178,4629379,4787230,4951935,5122795,5300295,5484948,5676354,5875714,6081548,6293612,6561720,6835218,7082192,7340557,7604784,7923350,8270789,8640528,9016880,9380647,9692964,9901293,10071784,10253753,10453093,10660612,10870713,11082579,11298231,11519130,11772228,12066090,12374269,12645631,12921214,13243771,13573136,13910534,14254219,14602202,14924213,15238647,15574449,15925873,16302118,16724421,17191548,17609627,17967795,18353276,18777382,19288200,19881275,20491199,21210802,21961455,22612417,23223742,23852137,24500431,24821596,25012749,25605038
Senegal,SEN,"Population, male",SP.POP.TOTL.MA.IN,1663055,1712980,1764364,1817254,1872045,1929420,1989720,2052798,2118044,2185093,2254041,2324896,2397594,2471747,2545434,2616231,2683451,2745100,2804180,2866446,2932972,3004257,3080039,3159959,3243648,3332319,3427278,3526845,3628830,3732994,3839963,3949119,4059677,4171391,4282533,4390836,4495574,4598263,4702079,4810459,4923785,5040837,5165734,5294627,5423154,5554569,5688512,5825239,5966097,6111536,6261573,6424346,6601134,6809916,7047523,7286797,7527849,7770153,8013222,8256600,8499022,8738686,8976177,9197809,9405151,9614690
Singapore,SGP,"Population, male",SP.POP.TOTL.MA.IN,872295,899752,922919,944540,967137,989100,1012291,1033295,1049746,1064150,1078886,1096207,1113799,1131989,1148247,1162449,1175576,1189375,1201329,1214231,1228109,1288176,1346021,1363386,1388928,1390155,1388252,1409064,1445317,1488592,1545559,1585657,1632044,1675857,1732963,1794204,1881940,1959607,2031629,2040147,2067346,2118445,2127962,2084921,2105466,2158739,2240404,2360722,2514962,2600140,2642018,2694958,2768096,2823147,2863215,2892497,2917988,2901239,2906831,2949368,2943595,2818680,2913050,3058830,3119075,3156466
Solomon Islands,SLB,"Population, male",SP.POP.TOTL.MA.IN,73519,75279,77085,78954,80884,82869,84907,87024,89239,91533,93682,95719,97945,100439,103233,106291,109648,113295,117158,121213,125426,129789,134298,138944,143726,148629,153580,158469,163367,168361,173436,178599,183848,189183,194618,200164,205823,211569,217377,223089,227961,232086,236164,240206,244235,248272,252336,256434,260580,265110,272557,282751,293313,304239,315496,327043,338836,350813,362874,372640,380922,390072,399453,409073,418847,428775
Sierra Leone,SLE,"Population, male",SP.POP.TOTL.MA.IN,1110584,1128164,1146828,1166540,1187369,1209314,1232211,1256097,1280706,1305686,1331199,1356671,1382181,1408298,1434786,1461572,1488352,1516315,1546086,1576766,1608752,1641888,1676246,1712721,1751040,1790686,1835457,1885915,1938136,1987816,2068752,2093750,2054911,2050916,2059262,2062491,2072787,2100392,2121345,2130968,2182453,2316503,2455579,2559191,2648977,2723034,2785651,2849254,2922950,3004359,3088827,3172124,3255125,3337715,3420059,3501912,3586963,3675106,3763742,3853320,3944195,4035669,4127081,4219052,4309971,4399019
El Salvador,SLV,"Population, male",SP.POP.TOTL.MA.IN,1379762,1418883,1459186,1500613,1544121,1590014,1638000,1687402,1737410,1787278,1833918,1877267,1920616,1964757,2008925,2052586,2095758,2139062,2183119,2223548,2247337,2254503,2274850,2313008,2354810,2400478,2447431,2495171,2544387,2593338,2641174,2686308,2729001,2762169,2783738,2802235,2818354,2832706,2845766,2857440,2867268,2874666,2878960,2879797,2877503,2872463,2865177,2865503,2874193,2882836,2892147,2902504,2913858,2925488,2936403,2945363,2952225,2956724,2958140,2958028,2962869,2972125,2983400,2997185,3010733,3023753
San Marino,SMR,"Population, male",SP.POP.TOTL.MA.IN,7824,8016,8217,8425,8630,8803,8922,9007,9100,9193,9276,9397,9552,9629,9633,9624,9636,10059,10532,10652,10766,10884,10980,11053,11091,11136,11173,11149,11201,11345,11495,11644,11794,11950,12090,12226,12371,12511,12653,12800,12953,13109,13266,13427,14196,14370,14528,15016,15229,15897,16002,15742,16202,16012,15829,15947,16042,16398,16750,16827,16883,16685,16545,16647,16707,16773
"Somalia, Fed. Rep.",SOM,"Population, male",SP.POP.TOTL.MA.IN,1431409,1469388,1508518,1548771,1590113,1632791,1676557,1721431,1767628,1815020,1863924,1913745,1964832,2018138,2071465,2124490,2178827,2238204,2403683,2720691,2964434,2988403,2999589,3097518,3213200,3346441,3488064,3615763,3616463,3550851,3530902,3392442,3230420,3323280,3497214,3627813,3764003,3900628,4067727,4237778,4412894,4594627,4772301,4953689,5141339,5324715,5492051,5667071,5838684,5989242,6140566,6183814,6239785,6444944,6680930,6915573,7187258,7471722,7740261,8030602,8342147,8653664,8919555,9197829,9522790,9844974
Serbia,SRB,"Population, male",SP.POP.TOTL.MA.IN,3186687,3208878,3236429,3263323,3288755,3313717,3342384,3364795,3388230,3447322,3469981,3493929,3513829,3529542,3550339,3571384,3595770,3616320,3634876,3651304,3729888,3740655,3751512,3761227,3770798,3778736,3784541,3788381,3792806,3793620,3791491,3642111,3641643,3642012,3641769,3640521,3634011,3619336,3601006,3583446,3566828,3555604,3551686,3543704,3537502,3528908,3517123,3505073,3492523,3481018,3469557,3445920,3430216,3413099,3396194,3378634,3360961,3343431,3325873,3308743,3286876,3255703,3170686,3145423,3124778,3104218
Sub-Saharan Africa (excluding high income),SSA,"Population, male",SP.POP.TOTL.MA.IN,112845891,115555061,118390770,121342895,124415433,127608938,130899097,134307164,137866069,141576192,145429197,149403793,153478724,157787845,162322440,166976356,171756704,176598859,181794845,187331940,192966540,198892395,205128912,211319937,217478005,223922653,230574893,237431684,244367324,251387017,258551226,265694162,272854759,280631725,288092677,295284941,302868016,310659092,319100034,327789194,336699768,345929341,355494010,365386792,375621924,386182137,397040199,408253710,419881593,431798311,444034208,456576985,469402287,482644566,496106330,509869184,523698247,537741122,552305574,566988244,581842411,596829063,611898865,627234704,642829602,658718220
South Sudan,SSD,"Population, male",SP.POP.TOTL.MA.IN,1459646,1479177,1500120,1520453,1545505,1572082,1589549,1603229,1618540,1633803,1648983,1673829,1708214,1749784,1798533,1848651,1900024,1952280,2005382,2059393,2114354,2170396,2227597,2280985,2325807,2367247,2410099,2426961,2367197,2299868,2309843,2356243,2387925,2404468,2459157,2535737,2599135,2673492,2725825,2800119,2932465,3072825,3219430,3375451,3543680,3725490,3921750,4130777,4347952,4563453,4817075,5090225,5326114,5532788,5564751,5494104,5346845,5051910,4978229,5127294,5263796,5345854,5421742,5648789,5874364,5994220
Sub-Saharan Africa,SSF,"Population, male",SP.POP.TOTL.MA.IN,112866892,115576696,118413016,121365744,124438892,127633022,130923818,134332528,137892080,141602854,145456509,149431698,153507368,157817000,162352199,167006877,171787912,176630764,181826922,187364248,192999102,198925321,205162004,211352965,217511206,223956098,230608513,237466731,244402497,251422411,258586806,265730235,272891017,280668766,288130712,295323447,302906940,310698367,319140081,327830101,336741108,345970779,355536813,365429234,375664357,386224914,397084025,408297903,419926918,431843948,444081308,456623087,469449095,482692490,496155235,509919415,523749371,537793079,552358225,567041552,581896347,596883598,611964900,627300797,642896546,658785789
Small states,SST,"Population, male",SP.POP.TOTL.MA.IN,4294014,4378949,4475564,4573858,4670399,4764393,4855147,4941513,5028094,5117403,5206743,5296765,5384680,5467878,5546316,5626187,5712927,5805504,5898396,5994577,6092355,6190082,6290632,6389636,6489418,6597142,6709568,6821286,6933472,7050169,7170246,7287678,7348910,7398818,7465040,7523571,7604172,7697248,7791604,7826871,7871540,7989982,8108694,8205782,8284891,8337543,8423943,8516189,8609569,8697392,8788473,8878146,8970422,9064460,9161243,9261262,9360916,9464032,9585079,9698214,9788689,9877201,9980454,10067350,10146369,10221880
Sao Tome and Principe,STP,"Population, male",SP.POP.TOTL.MA.IN,38236,38446,38440,38462,38522,38631,38795,39039,39373,39794,40396,41146,41904,42680,43520,44451,45487,46624,47823,48986,50026,50909,51695,52483,53356,54378,55541,56865,58319,59778,61209,62514,63701,64869,65992,67064,68094,69069,69975,70809,71585,72737,74500,76465,78425,80406,82418,84460,86517,88557,90535,92478,94400,96268,98084,99847,101540,103170,104760,106334,108302,110497,112605,114817,117078,119369
Suriname,SUR,"Population, male",SP.POP.TOTL.MA.IN,133208,137854,143747,150964,157576,163268,168958,174908,181102,187520,194097,200658,203342,202102,200666,199053,197273,195341,193242,190964,189584,189442,189833,190791,192395,194680,197243,199410,201950,204940,206893,208059,209252,210036,211449,215250,220325,225407,230543,235763,241095,246522,251985,257383,261257,263737,266371,269175,272089,275055,278035,281005,283978,286967,289945,292878,295686,298348,300939,303844,306915,309422,311765,314349,316926,319510
Slovak Republic,SVK,"Population, male",SP.POP.TOTL.MA.IN,2009527,2072750,2096708,2118315,2140589,2162280,2182123,2199900,2216053,2231861,2240152,2248601,2266977,2288113,2311004,2334442,2358492,2382992,2406460,2429326,2448282,2464653,2482114,2498643,2514141,2529497,2543759,2556344,2568018,2578339,2587599,2587796,2587021,2595472,2604520,2610972,2615450,2619298,2621613,2622887,2617998,2612742,2612020,2610478,2610367,2611194,2611844,2613167,2615989,2620412,2623909,2628282,2633871,2637597,2640895,2644473,2649183,2654441,2659196,2663638,2666263,2660428,2652430,2649630,2647061,2642627
Slovenia,SVN,"Population, male",SP.POP.TOTL.MA.IN,736190,741638,747993,756194,765046,774652,786003,796842,805442,811324,817813,825204,832723,840491,845862,855004,868471,879790,890176,900524,910236,915279,922122,930847,935879,940766,952653,964247,966809,967223,968297,969306,967906,965278,963969,965951,968247,968284,965564,966920,971745,973893,975340,976238,977013,979363,984304,993938,998603,1009191,1014526,1015904,1018166,1020234,1021871,1023142,1024614,1026483,1033208,1045216,1054875,1057919,1060216,1064777,1068933,1071780
Sweden,SWE,"Population, male",SP.POP.TOTL.MA.IN,3733942,3751579,3772655,3793992,3823310,3861693,3900820,3930702,3950824,3977995,4016185,4042259,4050023,4052666,4060856,4074487,4086927,4098553,4106985,4112517,4117722,4119239,4118031,4116824,4118443,4123929,4132388,4145102,4164257,4193978,4228071,4257395,4282721,4307908,4338738,4361325,4368080,4370995,4373943,4378018,4386546,4400744,4417977,4437073,4456648,4476575,4505132,4543745,4583804,4626367,4669690,4708618,4746433,4790115,4843222,4901559,4972157,5048034,5112571,5169127,5209347,5241846,5279578,5306045,5323555,5338595
Eswatini,SWZ,"Population, male",SP.POP.TOTL.MA.IN,167308,170982,174721,178602,182766,187384,192415,197189,201712,206527,211629,217027,222726,228736,235080,241773,248994,257152,266046,275250,284786,294672,304885,315338,326046,338792,353278,367939,386034,405120,422511,440460,458144,472182,472266,472046,481937,489818,495088,499411,503483,507063,509970,512299,514308,516119,517686,520447,525045,529980,534658,539140,543458,547683,551923,556280,560718,565950,572024,578194,585072,592169,598334,604016,610191,616995
Sint Maarten (Dutch part),SXM,"Population, male",SP.POP.TOTL.MA.IN,1282,1417,1573,1744,1921,2106,2303,2513,2735,2964,3203,3448,3696,3954,4225,4509,4805,5114,5436,5763,6097,6540,7194,7961,8742,9533,10343,11179,12037,12930,13864,14841,15584,15799,15727,15632,15522,15398,15264,15127,14993,14941,15030,15178,15319,15460,15597,15723,15843,15957,16049,16259,16656,17104,17546,17979,18404,18819,19218,19598,19954,20279,20567,20834,21096,21344
Seychelles,SYC,"Population, male",SP.POP.TOTL.MA.IN,21001,21635,22246,22849,23459,24084,24721,25364,26011,26662,27312,27905,28644,29155,29759,30521,31208,31905,32077,32308,32562,32926,33092,33028,33201,33445,33620,35047,35173,35394,35580,36073,36258,37041,38035,38506,38924,39275,40047,40907,41340,41438,42803,42442,42433,42777,43826,44193,45325,45637,47100,46102,46808,47924,48905,50231,51124,51957,52651,53308,53936,54535,66035,66093,66944,67569
Syrian Arab Republic,SYR,"Population, male",SP.POP.TOTL.MA.IN,2407840,2479091,2550984,2626766,2706512,2790197,2877767,2968951,3063843,3162772,3266184,3376325,3492354,3610340,3731746,3858946,3991180,4128288,4269752,4414550,4562683,4713866,4868423,5033384,5211149,5396364,5586206,5780269,5977948,6177114,6377835,6578792,6781354,6986626,7192412,7395475,7595003,7793552,7994171,8197352,8401362,8607012,8814391,9023802,9248158,9489028,9902859,10528957,10908071,11081319,11337061,11536710,11471073,10910180,10199099,9758285,9625815,9626999,9792721,10175062,10520993,10810785,11228512,11795581,12341170,12825612
Turks and Caicos Islands,TCA,"Population, male",SP.POP.TOTL.MA.IN,2523,2543,2561,2583,2605,2619,2631,2651,2664,2671,2688,2745,2842,2945,3050,3159,3270,3385,3507,3628,3769,3966,4191,4417,4650,4885,5123,5362,5601,5841,6108,6422,6755,7092,7440,7793,8148,8508,8876,9257,9652,10088,10608,11165,11717,12269,12824,13385,13950,14520,15084,15618,16238,16990,17681,18444,19285,20070,20877,21666,22263,22673,22963,23133,23291,23439
Chad,TCD,"Population, male",SP.POP.TOTL.MA.IN,1505820,1536888,1568684,1601265,1634435,1667522,1700136,1732922,1766763,1802188,1839536,1878247,1920230,1965870,2011631,2055504,2096668,2135777,2174473,2220243,2223970,2225410,2332945,2451892,2483271,2507557,2583877,2674308,2765336,2862003,2942083,3052448,3187535,3265740,3344302,3498867,3661327,3793356,3929644,4073911,4221043,4369777,4528828,4717838,4937278,5144831,5337502,5528545,5729574,5942300,6155793,6381047,6613103,6857170,7109654,7342393,7579023,7835854,8105064,8371317,8642229,8944698,9258738,9691189,10181358,10534496
East Asia & Pacific (IDA & IBRD countries),TEA,"Population, male",SP.POP.TOTL.MA.IN,449568231,448904829,454600580,466139043,477497491,489119517,502424210,515399593,528907639,543330188,558131954,573214503,587414970,601114230,614018874,625637077,636410954,646510799,656642668,666983893,677201173,687760330,699546133,711484716,722929778,734692329,747141417,760377430,773861263,787078626,800138928,812741021,824601898,836123684,847559595,858851742,870003034,881084187,891785870,901668330,910888873,919707141,928071783,936077624,943830071,951544531,959196244,966867763,974525283,981992282,989446946,997340495,1006212064,1014972303,1023287685,1031076673,1038696727,1046387351,1052815212,1058296705,1062655811,1065469808,1067401619,1068720709,1069863931,1070645631
Europe & Central Asia (IDA & IBRD countries),TEC,"Population, male",SP.POP.TOTL.MA.IN,143815563,146288314,148740210,151217851,153699727,156063844,158108412,160242312,162325075,164334037,166047049,167820322,169882968,171930125,173988139,176048180,178146921,180217193,182240116,184151891,186141657,188153181,190201166,192282681,194499959,196696009,198868279,201061988,203182453,205170357,206646062,207762951,208636599,209281977,209730344,210007244,210182469,210246597,210185294,210025563,209808892,209547901,209315027,209297459,209339144,209355637,209486473,209453441,210003715,210795491,211688991,212781567,213906544,215063935,216263943,217418870,218594870,219701615,220739559,221792277,222291501,222470904,221494932,220390931,221028044,222237448
Togo,TGO,"Population, male",SP.POP.TOTL.MA.IN,823448,838005,852910,868772,885761,903686,922496,942000,962240,1006696,1059135,1094015,1125806,1155952,1185696,1215316,1245076,1275332,1306728,1340868,1379656,1423941,1463607,1496196,1529403,1572987,1624731,1675547,1727687,1780596,1834445,1889128,1944638,1898811,1894053,2014456,2117019,2193303,2243951,2297462,2353903,2411510,2470332,2531182,2591886,2653308,2725076,2807330,2894099,2984348,3074936,3159411,3236446,3309181,3378490,3445140,3509443,3570770,3636625,3715366,3796932,3868524,3932385,4011471,4107847,4205132
Thailand,THA,"Population, male",SP.POP.TOTL.MA.IN,13542208,13946921,14367039,14802326,15251840,15714856,16187390,16667129,17153063,17641888,18135106,18629245,19129948,19638811,20142419,20636010,21113015,21584000,22051978,22510370,22968381,23422851,23874077,24331200,24789333,25243934,25693287,26137162,26579735,27013061,27437670,27855384,28268951,28677288,29073780,29459636,29833859,30196644,30553953,30899856,31222288,31524454,31815589,32100542,32377325,32645486,32906760,33161086,33407484,33645653,33856529,34044537,34229836,34403336,34556461,34684565,34808522,34921723,34991238,35023533,35040395,35041134,35005295,34950007,34895390,34836601
Tajikistan,TJK,"Population, male",SP.POP.TOTL.MA.IN,1034493,1069487,1106281,1144844,1184854,1226000,1268391,1312192,1357433,1403583,1449833,1496428,1544482,1594453,1646273,1699987,1755604,1813046,1871573,1929624,1986920,2044871,2105165,2168298,2234198,2295891,2354675,2420087,2490262,2557345,2624436,2698433,2753251,2788186,2836959,2900597,2961686,2990084,2988560,2981347,3007626,3070403,3134034,3198814,3266115,3334391,3402001,3471651,3544887,3622188,3704601,3792548,3890193,3995253,4102469,4213493,4325615,4437542,4550639,4664169,4775554,4885967,4995578,5101342,5203997,5304080
Turkmenistan,TKM,"Population, male",SP.POP.TOTL.MA.IN,802226,827446,853617,880424,907577,934844,962087,989291,1016548,1044015,1071870,1100255,1129111,1158623,1189012,1220178,1252104,1284807,1318411,1353153,1389271,1427087,1466757,1508347,1552301,1598401,1646578,1697111,1748421,1799511,1849709,1898443,1943832,1988601,2031544,2069535,2106425,2143309,2180486,2220242,2263088,2306999,2351559,2396300,2440967,2485622,2530653,2576765,2624902,2675816,2729845,2787063,2847372,2910576,2976417,3044615,3114833,3186561,3259115,3331757,3403211,3472736,3542130,3611349,3678122,3741660
Latin America & the Caribbean (IDA & IBRD countries),TLA,"Population, male",SP.POP.TOTL.MA.IN,104402999,107337244,110363702,113465301,116627808,119835426,123081556,126360776,129667083,133002412,136357118,139744944,143189415,146686134,150224337,153802947,157428991,161129198,164910390,168738003,172601604,176442337,180262747,184147089,188078817,192013112,195937400,199858473,203790188,207719390,211669679,215607655,219522141,223416588,227279424,231138363,234967665,238768585,242573686,246340716,249987680,253524025,256978684,260346927,263648247,266883039,270111715,273333748,276537356,279689748,282783386,285863934,288936398,291973134,294966667,297872865,300697087,303440232,306065940,308538410,310661602,312346604,314153040,316315368,318520367,320664252
Timor-Leste,TLS,"Population, male",SP.POP.TOTL.MA.IN,235995,239558,243280,247156,251190,255368,259694,264169,268780,273522,278384,283338,288341,293300,297285,299716,302038,305043,307967,310690,314115,319373,325743,332174,338976,346302,354046,362255,371019,381357,392872,403669,414227,425339,436936,448834,460962,473461,486172,429957,383232,417663,451947,471210,477351,487001,501195,515411,529263,542538,555423,567728,579397,590652,601636,612682,623714,634793,646233,657969,669693,680874,690107,697774,706128,715244
"Middle East, North Africa, Afghanistan & Pakistan (IDA & IBRD)",TMN,"Population, male",SP.POP.TOTL.MA.IN,78301975,80301937,82392098,84578807,86851724,89204024,91640618,94169851,96781764,99474424,102236783,104997000,107822033,110793816,113882094,117202020,120709545,124293787,128006591,131860562,135891649,140183683,144591598,149089831,153760039,158504696,163363857,168295535,173267524,178357322,183590399,188812753,193968667,199129964,204183889,209170652,214145859,219136812,224232155,229413769,234547353,239695163,244805997,250190872,255968683,261894362,267953691,273795570,279636115,285745771,291867634,297942876,303868734,309640125,315334068,320682262,325845352,331239241,337001317,342946307,348872081,354696207,360507449,366509509,372606560,378588868
Tonga,TON,"Population, male",SP.POP.TOTL.MA.IN,33675,34654,35654,36673,37719,38792,39882,40812,41574,42335,43088,43828,44546,45257,46158,47264,48357,49011,49216,49345,49413,49438,49424,49381,49324,49270,49235,49414,49752,50012,50205,50348,50459,50545,50613,50663,50710,50916,51255,51569,51871,52157,52434,52720,53015,53303,53580,53746,53757,53719,53700,53668,53501,53196,52846,52477,52071,51788,51623,51400,51140,50721,50151,49590,49213,48999
South Asia (IDA & IBRD),TSA,"Population, male",SP.POP.TOTL.MA.IN,262178364,268709274,275349731,282073585,288945552,295736985,302365406,309188409,316148255,323085042,330486673,337579785,344794494,352872655,361305624,370095033,379010435,388150798,397263933,406661039,416505753,426477777,436659047,447028370,457563232,468204526,478964841,489774474,500628465,511630938,522747381,533912215,545222816,556622931,567984906,579454246,591068458,602757752,614526378,626329225,638147630,649922091,661351633,672403091,683344196,693912633,704119035,714018408,723559169,733196758,742965615,752650031,762232207,771277914,780331942,789067735,797907608,806651815,815095386,823384059,831334357,838199402,844756363,851931097,859220219,866548802
Sub-Saharan Africa (IDA & IBRD countries),TSS,"Population, male",SP.POP.TOTL.MA.IN,112866892,115576696,118413016,121365744,124438892,127633022,130923818,134332528,137892080,141602854,145456509,149431698,153507368,157817000,162352199,167006877,171787912,176630764,181826922,187364248,192999102,198925321,205162004,211352965,217511206,223956098,230608513,237466731,244402497,251422411,258586806,265730235,272891017,280668766,288130712,295323447,302906940,310698367,319140081,327830101,336741108,345970779,355536813,365429234,375664357,386224914,397084025,408297903,419926918,431843948,444081308,456623087,469449095,482692490,496155235,509919415,523749371,537793079,552358225,567041552,581896347,596883598,611964900,627300797,642896546,658785789
Trinidad and Tobago,TTO,"Population, male",SP.POP.TOTL.MA.IN,424679,433478,441340,449020,456494,463511,469859,475584,480892,485786,490702,496286,502488,509005,515516,521912,528368,535023,541958,549126,556227,562962,569394,575720,581947,589115,596958,604041,610358,616090,621342,626261,630947,635281,639158,642502,645305,647686,649789,651926,654341,657091,660135,663278,666388,640988,642502,644901,647372,647922,651488,656404,659774,662238,664412,666278,668054,669229,672946,676137,675655,676008,675404,676306,676429,675684
Tunisia,TUN,"Population, male",SP.POP.TOTL.MA.IN,2129970,2154066,2180115,2209094,2240491,2276395,2322517,2377961,2438534,2502019,2566423,2632580,2701065,2772569,2847570,2926276,3006622,3087531,3171889,3259333,3348402,3438888,3528779,3616893,3708431,3803855,3899403,3994568,4087051,4175822,4262330,4348302,4433019,4514568,4589157,4655979,4718136,4776885,4832254,4884426,4933770,4980855,5026444,5071274,5113296,5152525,5192452,5234510,5279391,5327885,5380088,5434667,5490904,5551092,5612404,5671801,5730439,5786820,5839815,5890077,5934715,5966587,5997034,6033405,6068423,6101673
Turkiye,TUR,"Population, male",SP.POP.TOTL.MA.IN,14427651,14824769,15217308,15617168,16019687,16414207,16827151,17264098,17700340,18133703,18563697,19038461,19553792,20062722,20563959,21039190,21460803,21848903,22237025,22621953,23041460,23486618,23977638,24531877,25086876,25635234,26172937,26698876,27225225,27752437,28265597,28756234,29239537,29737151,30247842,30733422,31184009,31622988,32052928,32472315,32880645,33280970,33672826,34053750,34423143,34780073,35125774,35168809,35619832,36134689,36708205,37253203,37715913,38190305,38697460,39205598,39724020,40229820,40765876,41335957,41714021,42065122,42453487,42606561,42685629,42846961
Tuvalu,TUV,"Population, male",SP.POP.TOTL.MA.IN,2720,2747,2768,2788,2772,2724,2676,2635,2600,2591,2606,2620,2628,2626,2694,2833,2969,3103,3235,3346,3441,3525,3596,3664,3724,3803,3896,3978,4059,4144,4225,4303,4370,4422,4471,4516,4553,4590,4623,4652,4686,4720,4750,4799,4874,4954,5030,5111,5199,5290,5388,5493,5590,5632,5625,5616,5606,5586,5527,5427,5322,5213,5110,5021,4936,4859
Tanzania,TZA,"Population, male",SP.POP.TOTL.MA.IN,4862279,5006090,5156847,5313568,5478905,5651849,5831735,6019253,6221797,6441337,6671378,6912695,7168948,7436581,7714091,8004139,8304420,8613451,8924544,9228336,9509129,9776476,10054418,10396576,10750895,11125981,11534568,11953258,12343867,12665586,12988127,13308802,13632766,14085115,14688451,15176929,15413121,15692996,16107484,16542340,17024412,17485518,17930206,18397202,18889349,19407597,19945805,20497919,21043132,21537680,22068182,22690505,23355389,24079300,24843560,25693439,26623105,27558719,28455327,29314002,30204465,31128864,32065744,33013815,33983247,34977375
Uganda,UGA,"Population, male",SP.POP.TOTL.MA.IN,3863820,3970274,4081138,4197759,4320034,4447330,4579929,4718654,4864162,5012785,5161528,5303736,5429979,5552365,5685841,5829134,5978904,6133753,6292511,6438913,6564958,6692485,6836997,6995914,7173771,7368037,7577495,7811325,8063252,8327599,8602071,8890430,9200825,9527296,9855960,10131744,10412516,10723151,11051934,11421862,11792400,12164024,12556083,12963553,13362565,13765074,14178926,14607794,15050621,15506522,15976604,16459060,16951274,17451807,17981739,18550371,19185091,19875318,20570964,21289504,22019413,22747489,23449750,24122612,24805126,25495638
Ukraine,UKR,"Population, male",SP.POP.TOTL.MA.IN,19046221,19349713,19636578,19910212,20167674,20397875,20616788,20833898,21041422,21225568,21347934,21492650,21697661,21880359,22045150,22200896,22340441,22460217,22561883,22682481,22826785,22966387,23087732,23211483,23353091,23492244,23626242,23752539,23898559,24039910,24138478,24223450,24325726,24362425,24250389,24069836,23871172,23670578,23486441,23301612,23101420,22881796,22672699,22499149,22335725,22137958,21985022,21878929,21757438,21665336,21592631,21529805,21496222,21470609,21404573,21322230,21251064,21173214,21070612,20953130,20820757,20644066,19117441,17544336,17598051,18137513
Upper middle income,UMC,"Population, male",SP.POP.TOTL.MA.IN,615320382,619003826,629171684,645299678,661337690,677644772,695678185,713441928,731763129,751034562,770663471,790726285,810045705,828907151,847048248,864175262,880692569,896543100,912495179,928540248,944546171,961380273,979458022,997385513,1014882979,1032715297,1051297058,1070647520,1090140371,1109326336,1128146082,1146069762,1162898497,1179186289,1194605583,1209307129,1224032680,1238745713,1253458317,1267549826,1281103236,1294099974,1306363226,1318403876,1330614081,1342806464,1354786986,1366106866,1377988149,1390037790,1402034968,1414410593,1427977696,1441573691,1455157581,1468119796,1480365424,1492492382,1503825924,1514012023,1522212559,1528269903,1532153434,1535354787,1539901839,1544435719
Uruguay,URY,"Population, male",SP.POP.TOTL.MA.IN,1267586,1282739,1297495,1311888,1325651,1338536,1350590,1361635,1371409,1379469,1386050,1391975,1397513,1403033,1409157,1416021,1423732,1431456,1438249,1444001,1448656,1452902,1457669,1463077,1468824,1475030,1482063,1489881,1498167,1506509,1514730,1522861,1530678,1538085,1545354,1552665,1560107,1567670,1574770,1581308,1586632,1589956,1591602,1592117,1592485,1593141,1594294,1596481,1599492,1603078,1607026,1610967,1615239,1620293,1625954,1632047,1638035,1643006,1646166,1647468,1648503,1647432,1644412,1643010,1642560,1642008
United States,USA,"Population, male",SP.POP.TOTL.MA.IN,88695832,90102588,91416307,92653322,93859070,94945835,95949135,96899632,97773669,98640731,99705473,100937328,102040088,103029416,103986059,105026564,106039851,107125167,108281999,109502393,110586585,111745029,112917934,114069531,115181451,116323640,117510694,118664636,119847718,121082775,122612437,124431739,126301170,128113227,129825327,131511301,133185088,134938947,136673231,138413305,140130199,141644460,143032123,144333534,145740143,147151596,148636985,150112450,151591760,152974599,154316891,155655724,157078554,158438102,159862524,161294530,162715186,163988313,165079086,166044067,166758110,166983512,167883882,169210932,170826981,171737770
Uzbekistan,UZB,"Population, male",SP.POP.TOTL.MA.IN,3987392,4144265,4315363,4492176,4672800,4857888,5044782,5232827,5422462,5611212,5794385,5972468,6153148,6340239,6533588,6732932,6937730,7147709,7356482,7561277,7768841,7981957,8201565,8430404,8671942,8927016,9194587,9469682,9742948,10009015,10260424,10516302,10783371,11039882,11282185,11513367,11733222,11938393,12127916,12299960,12456543,12608794,12764288,12920906,13081214,13246440,13419042,13609358,13821283,14047005,14274243,14497574,14721443,14957337,15212241,15481660,15755847,16029110,16311735,16612447,16928447,17264132,17618709,17982214,18343712,18694130
St. Vincent and the Grenadines,VCT,"Population, male",SP.POP.TOTL.MA.IN,39789,40594,41341,42050,42730,43384,44014,44619,45191,45736,46270,46809,47348,47874,48385,48877,49365,49853,50325,50752,51221,51800,52414,53017,53606,54181,54737,55264,55755,56234,56680,57017,57228,57386,57520,57629,57715,57779,57855,58014,58165,58182,58132,58057,57931,57768,57576,57359,57131,56892,56638,56350,56039,55704,55366,55034,54690,54315,53904,53476,53054,52584,52100,51665,51236,50820
"Venezuela, RB",VEN,"Population, male",SP.POP.TOTL.MA.IN,4120475,4267979,4418081,4571363,4728057,4888022,5051432,5218115,5387438,5558689,5732410,5908909,6087861,6269722,6455143,6644908,6839672,7039417,7243566,7451511,7662037,7875143,8091006,8309790,8532097,8757782,8988550,9224065,9461778,9700223,9939326,10178930,10417211,10653658,10888029,11121299,11354787,11589236,11823440,12054870,12282549,12504481,12727310,12951175,13170327,13388125,13601914,13807091,14000234,14182559,14361204,14538290,14712919,14882999,15044704,15195272,15280477,15168915,14780952,14338763,14083715,13972114,13952027,13988508,14033859,14082985
British Virgin Islands,VGB,"Population, male",SP.POP.TOTL.MA.IN,3973,4015,4033,4053,4079,4122,4202,4317,4492,4758,4965,5060,5143,5221,5296,5364,5429,5489,5547,5603,5699,5880,6105,6334,6565,6796,7033,7279,7533,7786,8049,8290,8495,8699,8912,9134,9363,9603,9845,10097,10361,10624,10891,11178,11488,11822,12181,12562,12967,13377,13579,14004,14675,15234,15756,16390,16143,15665,16459,17160,17459,17731,18003,18413,18692,18809
Virgin Islands (U.S.),VIR,"Population, male",SP.POP.TOTL.MA.IN,16003,16783,17174,19582,20126,21518,22914,24408,27737,30070,31680,35312,37797,41469,44143,46162,46766,45122,46235,46162,47731,47874,48043,48239,48411,48533,48607,48663,48719,48804,50230,50598,50979,51339,51634,51810,51879,51941,51956,51909,51837,51756,51764,51795,51814,51839,51825,51827,51853,51836,51805,51804,51801,51763,51707,51688,51711,51724,51722,51707,51479,51040,50595,50142,49687,49234
Viet Nam,VNM,"Population, male",SP.POP.TOTL.MA.IN,16056204,16493339,16930212,17404918,17873679,18328494,18763174,19183351,19580328,19977037,20398958,20861552,21320297,21778391,22251391,22765256,23358405,23987231,24628042,25185735,25729079,26332679,26948162,27593910,28263565,28924627,29545185,30140072,30752338,31390951,32058319,32742445,33417572,34072844,34701261,35294723,35841842,36376457,36920859,37413680,37825064,38200910,38564497,38910001,39248557,39579827,40060783,40724334,41427391,42038253,42542726,43057881,43590825,44138296,44708461,45295954,45915276,46540600,47089693,47563530,48017590,48448495,48821207,49150969,49461399,49758338
Vanuatu,VUT,"Population, male",SP.POP.TOTL.MA.IN,34737,35628,36555,37522,38529,39573,40667,41815,43144,44622,46087,47546,48999,50461,51944,53450,54990,56585,58258,61699,64774,65823,66984,68242,69578,70986,72461,73997,75585,77206,78903,80694,82533,84391,86247,88088,89908,91701,93481,95288,97322,99591,101906,104249,106631,109052,111526,114093,116788,119581,122205,124687,127262,129933,132691,135500,138375,141451,144660,147856,151162,154582,158130,161798,165465,169145
World,WLD,"Population, male",SP.POP.TOTL.MA.IN,1507691617,1528386756,1555960877,1589727715,1623746285,1657955946,1693253868,1728406137,1764434738,1801793167,1839997670,1879272015,1917655482,1956579036,1995248201,2033112452,2070355600,2107339841,2144918191,2183625998,2222984929,2263317411,2305203509,2347427788,2389453079,2432270022,2476362900,2521770330,2567512298,2613438543,2660232241,2705800080,2750769470,2795496459,2839024633,2881894164,2925147535,2968327797,3011781327,3054680218,3097125233,3139436436,3181212936,3222896468,3265067946,3307196410,3349911378,3392867262,3436439387,3479823915,3522381363,3566007265,3611774200,3657125204,3701821476,3746349586,3790442450,3833249378,3874218041,3914565354,3952524131,3984380754,4018372940,4054797297,4093039322,4129676619
Samoa,WSM,"Population, male",SP.POP.TOTL.MA.IN,57637,59217,60851,62527,64191,65835,67482,68890,70049,71186,72293,73368,74406,75414,76962,79090,81129,82517,83333,84092,84812,85509,86080,86489,86819,87129,87468,87812,88049,88144,88163,88214,88614,89278,89919,90561,91251,91931,92551,93187,93862,94592,95193,95584,95906,96180,96451,96885,97478,98088,98747,99486,100277,101065,101847,102608,103328,104097,104953,105832,106693,107521,108319,109072,109794,110473
Kosovo,XKX,"Population, male",SP.POP.TOTL.MA.IN,496936,510899,524134,537488,551764,567330,584302,602844,615668,622120,628718,639083,653188,667833,683798,701321,720469,741078,763113,786220,810124,831761,850411,869144,888722,908906,929861,952333,970720,983401,994940,1009800,1027565,1044481,1061202,1077785,1093906,1108664,1049579,944456,908136,916363,920086,916536,912545,908019,902960,897404,891561,885590,879571,879711,887594,893526,891268,879235,874027,880938,884139,880202,880833,878702,869746,827670,784197,775627
"Yemen, Rep.",YEM,"Population, male",SP.POP.TOTL.MA.IN,2753528,2812659,2873344,2934066,2999117,3070234,3145616,3225712,3310692,3401964,3496039,3592174,3693992,3801099,3914093,4033839,4160843,4295014,4436646,4588362,4751297,4924493,5107841,5302305,5508750,5727459,5953498,6190486,6440530,6698244,6965811,7242702,7528030,7821087,8119336,8420545,8713129,8999536,9291863,9590209,9894593,10202969,10515032,10833295,11160321,11516600,11903113,12301275,12709692,13129970,13555494,13981410,14418399,14868366,15335223,15808915,16287534,16782377,17279871,17791816,18304570,18809390,19356445,19950332,20558038,21165097
South Africa,ZAF,"Population, male",SP.POP.TOTL.MA.IN,8436594,8661650,8904329,9158959,9423628,9698401,9984588,10282510,10589871,10904859,11224879,11555535,11901551,12258321,12620247,12985232,13348900,13726795,14125295,14528941,14980010,15488840,16024093,16584372,17158630,17744485,18341279,18943364,19548924,20149689,20733554,21205467,21450812,22056379,22274117,21944971,21764173,21717956,21981559,22219294,22416070,22610218,22845613,23107346,23377403,23652461,23931649,24219588,24532419,24857423,25184586,25530068,25940758,26403121,26890671,27529271,27780550,27904835,28401154,28892232,29381179,29853373,30305843,30750477,31152952,31504125
Zambia,ZMB,"Population, male",SP.POP.TOTL.MA.IN,1562964,1612261,1663349,1716289,1770739,1827105,1885945,1946950,2010360,2074411,2133009,2188180,2246331,2307842,2372769,2441372,2513174,2587373,2663664,2741631,2822269,2908528,3003706,3102701,3199057,3295334,3394334,3492503,3587396,3680480,3772802,3864053,3954867,4046590,4140908,4239280,4342905,4455644,4575729,4703033,4842281,4999614,5165132,5336751,5518447,5714758,5927677,6153807,6390587,6632998,6876767,7115861,7355209,7599225,7848900,8101736,8360674,8625731,8892364,9162004,9433237,9702842,9973857,10256248,10550240,10848179
Zimbabwe,ZWE,"Population, male",SP.POP.TOTL.MA.IN,1883710,1942351,2003237,2066249,2131287,2198370,2267492,2338684,2412338,2488807,2563097,2635885,2713546,2796716,2885369,2973867,3058860,3122086,3131089,3146293,3381936,3662099,3815868,3967992,4108918,4250636,4391856,4528409,4660517,4792110,4922073,5049773,5160517,5191327,5176332,5215500,5304165,5409522,5522606,5614479,5658966,5688917,5741030,5808274,5867366,5916178,5988021,6069211,6140465,6225578,6325021,6435375,6531926,6619848,6715517,6810139,6909792,7015107,7125471,7243442,7370588,7505482,7642717,7780934,7929088,8087867
